-- phpMyAdmin SQL Dump
-- version 4.5.2
-- http://www.phpmyadmin.net
--
-- Host: localhost
-- Generation Time: Feb 09, 2018 at 10:38 AM
-- Server version: 10.1.13-MariaDB
-- PHP Version: 7.0.8

SET SQL_MODE = "NO_AUTO_VALUE_ON_ZERO";
SET time_zone = "+00:00";


/*!40101 SET @OLD_CHARACTER_SET_CLIENT=@@CHARACTER_SET_CLIENT */;
/*!40101 SET @OLD_CHARACTER_SET_RESULTS=@@CHARACTER_SET_RESULTS */;
/*!40101 SET @OLD_COLLATION_CONNECTION=@@COLLATION_CONNECTION */;
/*!40101 SET NAMES utf8mb4 */;

--
-- Database: `supermarket`
--

-- --------------------------------------------------------

--
-- Table structure for table `kartuIn`
--

CREATE TABLE `kartuIn` (
  `id` int(11) NOT NULL,
  `rfid` varchar(50) NOT NULL,
  `jumlah` int(11) NOT NULL,
  `tanggal` timestamp NOT NULL DEFAULT CURRENT_TIMESTAMP
) ENGINE=InnoDB DEFAULT CHARSET=latin1;

-- --------------------------------------------------------

--
-- Table structure for table `kartuOut`
--

CREATE TABLE `kartuOut` (
  `id` int(11) NOT NULL,
  `rfid` varchar(50) NOT NULL,
  `jumlah` int(11) NOT NULL,
  `tanggal` timestamp NOT NULL DEFAULT CURRENT_TIMESTAMP
) ENGINE=InnoDB DEFAULT CHARSET=latin1;

-- --------------------------------------------------------

--
-- Table structure for table `login`
--

CREATE TABLE `login` (
  `id` int(11) NOT NULL,
  `username` varchar(255) NOT NULL,
  `password` varchar(255) NOT NULL,
  `status` enum('superuser','user') NOT NULL
) ENGINE=InnoDB DEFAULT CHARSET=latin1;

--
-- Dumping data for table `login`
--

INSERT INTO `login` (`id`, `username`, `password`, `status`) VALUES
(1, 'admin', '21232f297a57a5a743894a0e4a801fc3', 'superuser');

-- --------------------------------------------------------

--
-- Table structure for table `pembeli`
--

CREATE TABLE `pembeli` (
  `id` int(11) NOT NULL,
  `nama` varchar(255) NOT NULL,
  `alamat` varchar(255) NOT NULL,
  `notelp` varchar(30) NOT NULL,
  `jenisKelamin` enum('laki-laki','perempuan') NOT NULL,
  `tanggalLahir` date NOT NULL,
  `pekerjaan` varchar(255) NOT NULL,
  `foto` varchar(255) DEFAULT NULL,
  `rfid` varchar(30) NOT NULL
) ENGINE=InnoDB DEFAULT CHARSET=latin1;

--
-- Dumping data for table `pembeli`
--

INSERT INTO `pembeli` (`id`, `nama`, `alamat`, `notelp`, `jenisKelamin`, `tanggalLahir`, `pekerjaan`, `foto`, `rfid`) VALUES
(1, 'Carlynn Godson ', 'alamat1', '08146173', 'perempuan', '1983-12-19', 'Siswa', NULL, '1739021643'),
(2, 'Rikki Hayer ', 'alamat27', '08121143', 'laki-laki', '1987-04-29', 'Mahasiswa', NULL, '22922970213'),
(3, 'Rolfe Rubra ', 'alamat37', '08175398', 'perempuan', '1985-03-13', 'Siswa', NULL, '9024222143'),
(4, 'Bianka Gilfillan ', 'alamat45', '08171745', 'perempuan', '1980-01-01', 'Wirausaha', NULL, '2917222143'),
(5, 'Maxi Havis ', 'alamat53', '08167128', 'laki-laki', '1996-01-04', 'Wirausaha', NULL, '10120912799'),
(6, 'Caril Scotchmer ', 'alamat60', '08175541', 'laki-laki', '2000-11-27', 'Pegawai Negri', NULL, '1341217288'),
(7, 'Brod Muddiman ', 'alamat66', '08184545', 'laki-laki', '1992-07-04', 'Wirausaha', NULL, '13311012799'),
(8, 'Arlette Hutcheon ', 'alamat73', '08160273', 'laki-laki', '1993-03-10', 'Mahasiswa', NULL, '19713113299'),
(9, 'Paloma Balas ', 'alamat79', '08142061', 'laki-laki', '1980-12-25', 'Wirausaha', NULL, '1338313099'),
(10, 'Catlee Devey ', 'alamat83', '08192946', 'perempuan', '2000-08-06', 'Wirausaha', NULL, '17224322143'),
(11, 'Mag Tarpey ', 'alamat89', '08116227', 'laki-laki', '1993-11-16', 'Pegawai Negri', NULL, '2494823043'),
(12, 'Ellery Hamal ', 'alamat94', '08166511', 'laki-laki', '1984-03-12', 'Wirausaha', NULL, '523211599'),
(13, 'Clyde Sothcott ', 'alamat101', '08174901', 'perempuan', '1995-01-30', 'Mahasiswa', NULL, '86617088'),
(14, 'Sidney Howlings ', 'alamat107', '08181631', 'perempuan', '1982-09-12', 'Pegawai Swasta', NULL, '13323912699'),
(15, 'Colet Smallwood ', 'alamat115', '08161652', 'laki-laki', '1998-08-14', 'Siswa', NULL, '18119313899'),
(16, 'Flem Jessel ', 'alamat123', '08194890', 'perempuan', '2000-07-24', 'Pegawai Negri', NULL, '16625117088');

-- --------------------------------------------------------

--
-- Table structure for table `pembelian`
--

CREATE TABLE `pembelian` (
  `id` int(11) NOT NULL,
  `supplier` int(11) NOT NULL,
  `tanggal` timestamp NOT NULL DEFAULT CURRENT_TIMESTAMP,
  `total` int(11) DEFAULT NULL
) ENGINE=InnoDB DEFAULT CHARSET=latin1;

--
-- Dumping data for table `pembelian`
--

INSERT INTO `pembelian` (`id`, `supplier`, `tanggal`, `total`) VALUES
(1, 1, '2018-02-09 09:27:42', 217649000),
(2, 1, '2018-02-09 09:27:42', 257156000),
(3, 1, '2018-02-09 09:27:43', 330389000),
(4, 1, '2018-02-09 09:27:44', 160049000),
(5, 1, '2018-02-09 09:27:44', 214792000),
(6, 1, '2018-02-09 09:27:45', 107862000),
(7, 1, '2018-02-09 09:27:45', 118409000),
(8, 1, '2018-02-09 09:27:46', 94055000),
(9, 1, '2018-02-09 09:27:46', 51320000),
(10, 1, '2018-02-09 09:27:47', 66415000),
(11, 1, '2018-02-09 09:27:47', 95068000),
(12, 1, '2018-02-09 09:27:47', 169002000),
(13, 1, '2018-02-09 09:27:48', 110559000),
(14, 1, '2018-02-09 09:27:48', 251663000),
(15, 1, '2018-02-09 09:27:49', 174605000),
(16, 1, '2018-02-09 09:27:49', 212310000),
(17, 1, '2018-02-09 09:27:50', 229103000),
(18, 1, '2018-02-09 09:27:51', 145549000),
(19, 1, '2018-02-09 09:27:51', 210013000),
(20, 1, '2018-02-09 09:27:52', 34698000),
(21, 1, '2018-02-09 09:27:52', 238974000),
(22, 1, '2018-02-09 09:27:53', 34604000),
(23, 1, '2018-02-09 09:27:53', 143705000),
(24, 1, '2018-02-09 09:27:54', 221362000),
(25, 1, '2018-02-09 09:27:54', 37493000),
(26, 1, '2018-02-09 09:27:54', 258652000),
(27, 1, '2018-02-09 09:27:55', 121759000),
(28, 1, '2018-02-09 09:27:55', 88024000),
(29, 1, '2018-02-09 09:27:56', 17756000),
(30, 2, '2018-02-09 09:27:56', 123121000),
(31, 2, '2018-02-09 09:27:56', 105294000),
(32, 2, '2018-02-09 09:27:57', 225711000),
(33, 2, '2018-02-09 09:27:57', 273225000),
(34, 2, '2018-02-09 09:27:58', 213644000),
(35, 2, '2018-02-09 09:27:59', 221362000),
(36, 2, '2018-02-09 09:27:59', 136609000),
(37, 2, '2018-02-09 09:28:00', 110725000),
(38, 2, '2018-02-09 09:28:00', 177287000),
(39, 2, '2018-02-09 09:28:01', 46063000),
(40, 2, '2018-02-09 09:28:01', 76950000),
(41, 2, '2018-02-09 09:28:01', 56874000),
(42, 2, '2018-02-09 09:28:01', 132082000),
(43, 2, '2018-02-09 09:28:02', 86128000),
(44, 2, '2018-02-09 09:28:02', 200257000),
(45, 2, '2018-02-09 09:28:03', 93118000),
(46, 2, '2018-02-09 09:28:03', 199606000),
(47, 2, '2018-02-09 09:28:03', 146106000),
(48, 2, '2018-02-09 09:28:04', 153136000),
(49, 2, '2018-02-09 09:28:05', 204953000),
(50, 2, '2018-02-09 09:28:05', 57560000),
(51, 2, '2018-02-09 09:28:05', 40305000),
(52, 2, '2018-02-09 09:28:06', 108174000),
(53, 2, '2018-02-09 09:28:06', 257059000),
(54, 2, '2018-02-09 09:28:07', 32849000),
(55, 2, '2018-02-09 09:28:07', 236032000),
(56, 2, '2018-02-09 09:28:08', 263800000),
(57, 3, '2018-02-09 09:28:08', 212539000),
(58, 3, '2018-02-09 09:28:09', 200570000),
(59, 3, '2018-02-09 09:28:10', 142805000),
(60, 3, '2018-02-09 09:28:10', 225178000),
(61, 3, '2018-02-09 09:28:11', 8116000),
(62, 3, '2018-02-09 09:28:11', 137536000),
(63, 3, '2018-02-09 09:28:12', 80898000),
(64, 3, '2018-02-09 09:28:12', 239862000),
(65, 3, '2018-02-09 09:28:13', 135523000),
(66, 3, '2018-02-09 09:28:13', 83545000),
(67, 3, '2018-02-09 09:28:13', 146471000),
(68, 3, '2018-02-09 09:28:14', 158415000),
(69, 3, '2018-02-09 09:28:14', 135001000),
(70, 3, '2018-02-09 09:28:15', 37170000),
(71, 3, '2018-02-09 09:28:15', 96314000),
(72, 3, '2018-02-09 09:28:15', 48435000),
(73, 3, '2018-02-09 09:28:16', 85690000),
(74, 3, '2018-02-09 09:28:16', 218089000),
(75, 3, '2018-02-09 09:28:16', 173714000),
(76, 3, '2018-02-09 09:28:17', 342525000),
(77, 3, '2018-02-09 09:28:18', 259907000),
(78, 3, '2018-02-09 09:28:19', 175616000),
(79, 3, '2018-02-09 09:28:19', 71926000),
(80, 3, '2018-02-09 09:28:19', 140269000),
(81, 3, '2018-02-09 09:28:20', 226932000),
(82, 3, '2018-02-09 09:28:20', 21735000),
(83, 3, '2018-02-09 09:28:21', 111335000),
(84, 3, '2018-02-09 09:28:21', 29467000),
(85, 3, '2018-02-09 09:28:21', 108304000),
(86, 3, '2018-02-09 09:28:22', 132852000),
(87, 3, '2018-02-09 09:28:22', 189765000),
(88, 3, '2018-02-09 09:28:23', 230708000),
(89, 3, '2018-02-09 09:28:24', 184040000),
(90, 3, '2018-02-09 09:28:24', 16666000),
(91, 3, '2018-02-09 09:28:24', 224792000),
(92, 3, '2018-02-09 09:28:25', 88011000),
(93, 3, '2018-02-09 09:28:25', 76829000),
(94, 3, '2018-02-09 09:28:26', 70836000),
(95, 3, '2018-02-09 09:28:26', 94213000),
(96, 3, '2018-02-09 09:28:26', 223315000),
(97, 3, '2018-02-09 09:28:27', 199109000),
(98, 3, '2018-02-09 09:28:27', 234305000),
(99, 3, '2018-02-09 09:28:28', 34252000),
(100, 3, '2018-02-09 09:28:28', 34793000),
(101, 3, '2018-02-09 09:28:28', 196899000),
(102, 3, '2018-02-09 09:28:29', 223108000),
(103, 3, '2018-02-09 09:28:29', 12096000),
(104, 4, '2018-02-09 09:28:29', 168176000),
(105, 4, '2018-02-09 09:28:30', 223731000),
(106, 4, '2018-02-09 09:28:31', 292915000),
(107, 4, '2018-02-09 09:28:31', 246454000),
(108, 4, '2018-02-09 09:28:32', 114335000),
(109, 4, '2018-02-09 09:28:33', 146559000),
(110, 4, '2018-02-09 09:28:33', 79737000),
(111, 4, '2018-02-09 09:28:34', 259432000),
(112, 4, '2018-02-09 09:28:34', 216532000),
(113, 4, '2018-02-09 09:28:35', 120048000),
(114, 4, '2018-02-09 09:28:35', 80277000),
(115, 4, '2018-02-09 09:28:36', 160938000),
(116, 4, '2018-02-09 09:28:36', 48266000),
(117, 4, '2018-02-09 09:28:37', 198316000),
(118, 4, '2018-02-09 09:28:37', 71006000),
(119, 4, '2018-02-09 09:28:38', 189816000),
(120, 4, '2018-02-09 09:28:38', 48870000),
(121, 4, '2018-02-09 09:28:38', 193780000),
(122, 4, '2018-02-09 09:28:39', 24873000),
(123, 4, '2018-02-09 09:28:39', 268881000),
(124, 4, '2018-02-09 09:28:39', 144741000),
(125, 4, '2018-02-09 09:28:40', 249654000),
(126, 4, '2018-02-09 09:28:40', 160800000),
(127, 4, '2018-02-09 09:28:41', 237111000),
(128, 4, '2018-02-09 09:28:41', 27986000),
(129, 4, '2018-02-09 09:28:42', 141759000),
(130, 4, '2018-02-09 09:28:42', 79000000),
(131, 4, '2018-02-09 09:28:42', 214481000),
(132, 4, '2018-02-09 09:28:43', 155099000),
(133, 4, '2018-02-09 09:28:44', 112554000),
(134, 4, '2018-02-09 09:28:44', 126927000),
(135, 4, '2018-02-09 09:28:45', 38445000),
(136, 4, '2018-02-09 09:28:45', 83553000),
(137, 4, '2018-02-09 09:28:46', 113302000),
(138, 4, '2018-02-09 09:28:46', 89619000),
(139, 4, '2018-02-09 09:28:46', 237971000),
(140, 4, '2018-02-09 09:28:47', 93586000),
(141, 4, '2018-02-09 09:28:48', 165899000),
(142, 4, '2018-02-09 09:28:48', 186205000),
(143, 4, '2018-02-09 09:28:49', 192736000),
(144, 4, '2018-02-09 09:28:49', 33781000),
(145, 4, '2018-02-09 09:28:50', 142143000),
(146, 5, '2018-02-09 09:28:50', 279975000),
(147, 5, '2018-02-09 09:28:51', 259408000),
(148, 5, '2018-02-09 09:28:52', 159697000),
(149, 5, '2018-02-09 09:28:52', 131371000),
(150, 5, '2018-02-09 09:28:53', 88210000),
(151, 5, '2018-02-09 09:28:53', 129647000),
(152, 5, '2018-02-09 09:28:54', 35461000),
(153, 5, '2018-02-09 09:28:54', 283433000),
(154, 5, '2018-02-09 09:28:55', 178000000),
(155, 5, '2018-02-09 09:28:55', 65666000),
(156, 5, '2018-02-09 09:28:56', 167015000),
(157, 5, '2018-02-09 09:28:56', 46627000),
(158, 5, '2018-02-09 09:28:56', 216539000),
(159, 5, '2018-02-09 09:28:57', 207430000),
(160, 5, '2018-02-09 09:28:58', 10217000),
(161, 5, '2018-02-09 09:28:58', 284279000),
(162, 5, '2018-02-09 09:28:59', 195102000);

-- --------------------------------------------------------

--
-- Table structure for table `penjualan`
--

CREATE TABLE `penjualan` (
  `id` int(11) NOT NULL,
  `pembeli` int(11) NOT NULL,
  `rfid` varchar(30) DEFAULT NULL,
  `tanggal` timestamp NOT NULL DEFAULT CURRENT_TIMESTAMP,
  `total` int(11) DEFAULT NULL
) ENGINE=InnoDB DEFAULT CHARSET=latin1;

--
-- Dumping data for table `penjualan`
--

INSERT INTO `penjualan` (`id`, `pembeli`, `rfid`, `tanggal`, `total`) VALUES
(1, 1, NULL, '2018-02-09 09:28:59', 97217000),
(2, 1, NULL, '2018-02-09 09:28:59', 89232000),
(3, 1, NULL, '2018-02-09 09:29:00', 67206000),
(4, 1, NULL, '2018-02-09 09:29:01', 34913000),
(5, 1, NULL, '2018-02-09 09:29:01', 54220000),
(6, 1, NULL, '2018-02-09 09:29:01', 54199000),
(7, 1, NULL, '2018-02-09 09:29:02', 81899000),
(8, 1, NULL, '2018-02-09 09:29:02', 30703000),
(9, 1, NULL, '2018-02-09 09:29:03', 55202000),
(10, 1, NULL, '2018-02-09 09:29:03', 101429000),
(11, 1, NULL, '2018-02-09 09:29:04', 56315000),
(12, 1, NULL, '2018-02-09 09:29:04', 18990000),
(13, 1, NULL, '2018-02-09 09:29:05', 9448000),
(14, 1, NULL, '2018-02-09 09:29:05', 56730000),
(15, 1, NULL, '2018-02-09 09:29:05', 99895000),
(16, 1, NULL, '2018-02-09 09:29:06', 39816000),
(17, 1, NULL, '2018-02-09 09:29:06', 111100000),
(18, 1, NULL, '2018-02-09 09:29:07', 76780000),
(19, 1, NULL, '2018-02-09 09:29:07', 25403000),
(20, 1, NULL, '2018-02-09 09:29:07', 84611000),
(21, 1, NULL, '2018-02-09 09:29:08', 54024000),
(22, 1, NULL, '2018-02-09 09:29:08', 102482000),
(23, 1, NULL, '2018-02-09 09:29:09', 42706000),
(24, 1, NULL, '2018-02-09 09:29:10', 82313000),
(25, 1, NULL, '2018-02-09 09:29:10', 17346000),
(26, 1, NULL, '2018-02-09 09:29:10', 65345000),
(27, 1, NULL, '2018-02-09 09:29:11', 44095000),
(28, 1, NULL, '2018-02-09 09:29:11', 10265000),
(29, 1, NULL, '2018-02-09 09:29:11', 31667000),
(30, 1, NULL, '2018-02-09 09:29:11', 56251000),
(31, 1, NULL, '2018-02-09 09:29:12', 108680000),
(32, 1, NULL, '2018-02-09 09:29:13', 95683000),
(33, 1, NULL, '2018-02-09 09:29:13', 51751000),
(34, 1, NULL, '2018-02-09 09:29:14', 53188000),
(35, 1, NULL, '2018-02-09 09:29:14', 52435000),
(36, 1, NULL, '2018-02-09 09:29:15', 76631000),
(37, 1, NULL, '2018-02-09 09:29:16', 27948000),
(38, 1, NULL, '2018-02-09 09:29:16', 92739000),
(39, 2, NULL, '2018-02-09 09:29:17', 76264000),
(40, 2, NULL, '2018-02-09 09:29:17', 122817000),
(41, 2, NULL, '2018-02-09 09:29:18', 21072000),
(42, 2, NULL, '2018-02-09 09:29:18', 46247000),
(43, 2, NULL, '2018-02-09 09:29:19', 55947000),
(44, 2, NULL, '2018-02-09 09:29:19', 18022000),
(45, 2, NULL, '2018-02-09 09:29:19', 77918000),
(46, 2, NULL, '2018-02-09 09:29:19', 123825000),
(47, 2, NULL, '2018-02-09 09:29:20', 67241000),
(48, 2, NULL, '2018-02-09 09:29:21', 77750000),
(49, 2, NULL, '2018-02-09 09:29:21', 71522000),
(50, 2, NULL, '2018-02-09 09:29:22', 26604000),
(51, 2, NULL, '2018-02-09 09:29:22', 85323000),
(52, 2, NULL, '2018-02-09 09:29:23', 115984000),
(53, 2, NULL, '2018-02-09 09:29:24', 75398000),
(54, 2, NULL, '2018-02-09 09:29:24', 99261000),
(55, 2, NULL, '2018-02-09 09:29:25', 116516000),
(56, 2, NULL, '2018-02-09 09:29:26', 13484000),
(57, 2, NULL, '2018-02-09 09:29:26', 88360000),
(58, 2, NULL, '2018-02-09 09:29:27', 103199000),
(59, 2, NULL, '2018-02-09 09:29:28', 56385000),
(60, 2, NULL, '2018-02-09 09:29:28', 116837000),
(61, 2, NULL, '2018-02-09 09:29:29', 58205000),
(62, 2, NULL, '2018-02-09 09:29:29', 14546000),
(63, 2, NULL, '2018-02-09 09:29:30', 66399000),
(64, 2, NULL, '2018-02-09 09:29:30', 22343000),
(65, 2, NULL, '2018-02-09 09:29:30', 66603000),
(66, 2, NULL, '2018-02-09 09:29:31', 39316000),
(67, 2, NULL, '2018-02-09 09:29:31', 68257000),
(68, 2, NULL, '2018-02-09 09:29:32', 31252000),
(69, 2, NULL, '2018-02-09 09:29:32', 58772000),
(70, 2, NULL, '2018-02-09 09:29:33', 14577000),
(71, 2, NULL, '2018-02-09 09:29:33', 86892000),
(72, 2, NULL, '2018-02-09 09:29:34', 100326000),
(73, 2, NULL, '2018-02-09 09:29:34', 105945000),
(74, 2, NULL, '2018-02-09 09:29:35', 38098000),
(75, 3, NULL, '2018-02-09 09:29:35', 79836000),
(76, 3, NULL, '2018-02-09 09:29:36', 95910000),
(77, 3, NULL, '2018-02-09 09:29:36', 64901000),
(78, 3, NULL, '2018-02-09 09:29:37', 3355000),
(79, 3, NULL, '2018-02-09 09:29:37', 39746000),
(80, 3, NULL, '2018-02-09 09:29:37', 26726000),
(81, 3, NULL, '2018-02-09 09:29:37', 85716000),
(82, 3, NULL, '2018-02-09 09:29:38', 50612000),
(83, 3, NULL, '2018-02-09 09:29:38', 14664000),
(84, 3, NULL, '2018-02-09 09:29:38', 26802000),
(85, 3, NULL, '2018-02-09 09:29:39', 56279000),
(86, 3, NULL, '2018-02-09 09:29:39', 36275000),
(87, 3, NULL, '2018-02-09 09:29:39', 62081000),
(88, 3, NULL, '2018-02-09 09:29:40', 100331000),
(89, 3, NULL, '2018-02-09 09:29:40', 109010000),
(90, 3, NULL, '2018-02-09 09:29:41', 51341000),
(91, 3, NULL, '2018-02-09 09:29:42', 100540000),
(92, 3, NULL, '2018-02-09 09:29:42', 59011000),
(93, 3, NULL, '2018-02-09 09:29:43', 60791000),
(94, 3, NULL, '2018-02-09 09:29:43', 66029000),
(95, 3, NULL, '2018-02-09 09:29:44', 31416000),
(96, 3, NULL, '2018-02-09 09:29:44', 7375000),
(97, 3, NULL, '2018-02-09 09:29:44', 64667000),
(98, 3, NULL, '2018-02-09 09:29:45', 51362000),
(99, 3, NULL, '2018-02-09 09:29:45', 49652000),
(100, 3, NULL, '2018-02-09 09:29:46', 23139000),
(101, 3, NULL, '2018-02-09 09:29:46', 51219000),
(102, 3, NULL, '2018-02-09 09:29:46', 83844000),
(103, 3, NULL, '2018-02-09 09:29:47', 40484000),
(104, 3, NULL, '2018-02-09 09:29:47', 82113000),
(105, 3, NULL, '2018-02-09 09:29:48', 125694000),
(106, 3, NULL, '2018-02-09 09:29:49', 27264000),
(107, 3, NULL, '2018-02-09 09:29:49', 111483000),
(108, 3, NULL, '2018-02-09 09:29:50', 102366000),
(109, 3, NULL, '2018-02-09 09:29:50', 125397000),
(110, 3, NULL, '2018-02-09 09:29:51', 16922000),
(111, 3, NULL, '2018-02-09 09:29:51', 44137000),
(112, 3, NULL, '2018-02-09 09:29:52', 22487000),
(113, 3, NULL, '2018-02-09 09:29:52', 24793000),
(114, 3, NULL, '2018-02-09 09:29:52', 36483000),
(115, 3, NULL, '2018-02-09 09:29:52', 46205000),
(116, 3, NULL, '2018-02-09 09:29:53', 3724000),
(117, 3, NULL, '2018-02-09 09:29:53', 100558000),
(118, 3, NULL, '2018-02-09 09:29:54', 6997000),
(119, 3, NULL, '2018-02-09 09:29:54', 48637000),
(120, 3, NULL, '2018-02-09 09:29:54', 62408000),
(121, 3, NULL, '2018-02-09 09:29:55', 63764000),
(122, 4, NULL, '2018-02-09 09:29:55', 36274000),
(123, 4, NULL, '2018-02-09 09:29:56', 49876000),
(124, 4, NULL, '2018-02-09 09:29:56', 75519000),
(125, 4, NULL, '2018-02-09 09:29:57', 113896000),
(126, 4, NULL, '2018-02-09 09:29:58', 93559000),
(127, 4, NULL, '2018-02-09 09:29:58', 15652000),
(128, 4, NULL, '2018-02-09 09:29:59', 52213000),
(129, 4, NULL, '2018-02-09 09:29:59', 122247000),
(130, 4, NULL, '2018-02-09 09:30:00', 78687000),
(131, 4, NULL, '2018-02-09 09:30:01', 38586000),
(132, 4, NULL, '2018-02-09 09:30:01', 25639000),
(133, 4, NULL, '2018-02-09 09:30:01', 48070000),
(134, 4, NULL, '2018-02-09 09:30:02', 58494000),
(135, 4, NULL, '2018-02-09 09:30:02', 78771000),
(136, 4, NULL, '2018-02-09 09:30:03', 46168000),
(137, 4, NULL, '2018-02-09 09:30:04', 112345000),
(138, 4, NULL, '2018-02-09 09:30:04', 52091000),
(139, 4, NULL, '2018-02-09 09:30:05', 33125000),
(140, 4, NULL, '2018-02-09 09:30:05', 29441000),
(141, 4, NULL, '2018-02-09 09:30:06', 94631000),
(142, 4, NULL, '2018-02-09 09:30:06', 78124000),
(143, 4, NULL, '2018-02-09 09:30:07', 48932000),
(144, 4, NULL, '2018-02-09 09:30:07', 70716000),
(145, 4, NULL, '2018-02-09 09:30:08', 85844000),
(146, 4, NULL, '2018-02-09 09:30:09', 5456000),
(147, 4, NULL, '2018-02-09 09:30:09', 29299000),
(148, 4, NULL, '2018-02-09 09:30:09', 52824000),
(149, 4, NULL, '2018-02-09 09:30:09', 79769000),
(150, 4, NULL, '2018-02-09 09:30:10', 4149000),
(151, 4, NULL, '2018-02-09 09:30:10', 14020000),
(152, 4, NULL, '2018-02-09 09:30:10', 51952000),
(153, 4, NULL, '2018-02-09 09:30:11', 19354000),
(154, 4, NULL, '2018-02-09 09:30:11', 59710000),
(155, 4, NULL, '2018-02-09 09:30:11', 21360000),
(156, 4, NULL, '2018-02-09 09:30:12', 71231000),
(157, 4, NULL, '2018-02-09 09:30:12', 24051000),
(158, 4, NULL, '2018-02-09 09:30:12', 75903000),
(159, 4, NULL, '2018-02-09 09:30:13', 37440000),
(160, 4, NULL, '2018-02-09 09:30:13', 81359000),
(161, 4, NULL, '2018-02-09 09:30:14', 94794000),
(162, 4, NULL, '2018-02-09 09:30:14', 85957000),
(163, 5, NULL, '2018-02-09 09:30:15', 19923000),
(164, 5, NULL, '2018-02-09 09:30:15', 66531000),
(165, 5, NULL, '2018-02-09 09:30:15', 89600000),
(166, 5, NULL, '2018-02-09 09:30:16', 71280000),
(167, 5, NULL, '2018-02-09 09:30:17', 103050000),
(168, 5, NULL, '2018-02-09 09:30:17', 125775000),
(169, 5, NULL, '2018-02-09 09:30:18', 64925000),
(170, 5, NULL, '2018-02-09 09:30:19', 98393000),
(171, 5, NULL, '2018-02-09 09:30:19', 53690000),
(172, 5, NULL, '2018-02-09 09:30:20', 157609000),
(173, 5, NULL, '2018-02-09 09:30:21', 121045000),
(174, 5, NULL, '2018-02-09 09:30:21', 99403000),
(175, 5, NULL, '2018-02-09 09:30:22', 12318000),
(176, 5, NULL, '2018-02-09 09:30:22', 73847000),
(177, 5, NULL, '2018-02-09 09:30:23', 48991000),
(178, 5, NULL, '2018-02-09 09:30:23', 77096000),
(179, 5, NULL, '2018-02-09 09:30:24', 68450000),
(180, 5, NULL, '2018-02-09 09:30:24', 134455000),
(181, 5, NULL, '2018-02-09 09:30:25', 110062000),
(182, 5, NULL, '2018-02-09 09:30:26', 84775000),
(183, 5, NULL, '2018-02-09 09:30:27', 134534000),
(184, 5, NULL, '2018-02-09 09:30:27', 54006000),
(185, 5, NULL, '2018-02-09 09:30:28', 117165000),
(186, 5, NULL, '2018-02-09 09:30:28', 91218000),
(187, 5, NULL, '2018-02-09 09:30:29', 37334000),
(188, 5, NULL, '2018-02-09 09:30:30', 54844000),
(189, 5, NULL, '2018-02-09 09:30:30', 61953000),
(190, 5, NULL, '2018-02-09 09:30:31', 77042000),
(191, 6, NULL, '2018-02-09 09:30:31', 35336000),
(192, 6, NULL, '2018-02-09 09:30:32', 81463000),
(193, 6, NULL, '2018-02-09 09:30:33', 111843000),
(194, 6, NULL, '2018-02-09 09:30:34', 55979000),
(195, 6, NULL, '2018-02-09 09:30:34', 49605000),
(196, 6, NULL, '2018-02-09 09:30:35', 47019000),
(197, 6, NULL, '2018-02-09 09:30:35', 81028000),
(198, 6, NULL, '2018-02-09 09:30:36', 51809000),
(199, 6, NULL, '2018-02-09 09:30:37', 8309000),
(200, 6, NULL, '2018-02-09 09:30:37', 29258000),
(201, 6, NULL, '2018-02-09 09:30:37', 69006000),
(202, 6, NULL, '2018-02-09 09:30:38', 24842000),
(203, 6, NULL, '2018-02-09 09:30:39', 155206000),
(204, 6, NULL, '2018-02-09 09:30:40', 53925000),
(205, 6, NULL, '2018-02-09 09:30:40', 115093000),
(206, 6, NULL, '2018-02-09 09:30:41', 10932000),
(207, 6, NULL, '2018-02-09 09:30:41', 30015000),
(208, 6, NULL, '2018-02-09 09:30:42', 31789000),
(209, 6, NULL, '2018-02-09 09:30:42', 68751000),
(210, 6, NULL, '2018-02-09 09:30:43', 9747000),
(211, 6, NULL, '2018-02-09 09:30:43', 59836000),
(212, 6, NULL, '2018-02-09 09:30:43', 43870000),
(213, 6, NULL, '2018-02-09 09:30:43', 93998000),
(214, 6, NULL, '2018-02-09 09:30:44', 38929000),
(215, 6, NULL, '2018-02-09 09:30:44', 53604000),
(216, 6, NULL, '2018-02-09 09:30:45', 122397000),
(217, 6, NULL, '2018-02-09 09:30:45', 95744000),
(218, 6, NULL, '2018-02-09 09:30:46', 10430000),
(219, 7, NULL, '2018-02-09 09:30:46', 55165000),
(220, 7, NULL, '2018-02-09 09:30:47', 12992000),
(221, 7, NULL, '2018-02-09 09:30:47', 86980000),
(222, 7, NULL, '2018-02-09 09:30:48', 44205000),
(223, 7, NULL, '2018-02-09 09:30:48', 125807000),
(224, 7, NULL, '2018-02-09 09:30:49', 67452000),
(225, 7, NULL, '2018-02-09 09:30:50', 48102000),
(226, 7, NULL, '2018-02-09 09:30:50', 54360000),
(227, 7, NULL, '2018-02-09 09:30:51', 138440000),
(228, 7, NULL, '2018-02-09 09:30:52', 82273000),
(229, 7, NULL, '2018-02-09 09:30:52', 113710000),
(230, 7, NULL, '2018-02-09 09:30:53', 30995000),
(231, 7, NULL, '2018-02-09 09:30:53', 17464000),
(232, 7, NULL, '2018-02-09 09:30:53', 50449000),
(233, 7, NULL, '2018-02-09 09:30:54', 15781000),
(234, 7, NULL, '2018-02-09 09:30:54', 99788000),
(235, 7, NULL, '2018-02-09 09:30:55', 30940000),
(236, 7, NULL, '2018-02-09 09:30:55', 84858000),
(237, 7, NULL, '2018-02-09 09:30:55', 28579000),
(238, 7, NULL, '2018-02-09 09:30:56', 119174000),
(239, 7, NULL, '2018-02-09 09:30:56', 65359000),
(240, 7, NULL, '2018-02-09 09:30:57', 75146000),
(241, 7, NULL, '2018-02-09 09:30:58', 40614000),
(242, 7, NULL, '2018-02-09 09:30:58', 27654000),
(243, 7, NULL, '2018-02-09 09:30:58', 134651000),
(244, 7, NULL, '2018-02-09 09:30:59', 3757000),
(245, 7, NULL, '2018-02-09 09:30:59', 93062000),
(246, 7, NULL, '2018-02-09 09:31:00', 50428000),
(247, 7, NULL, '2018-02-09 09:31:00', 103193000),
(248, 7, NULL, '2018-02-09 09:31:01', 62193000),
(249, 7, NULL, '2018-02-09 09:31:01', 71158000),
(250, 7, NULL, '2018-02-09 09:31:02', 45813000),
(251, 7, NULL, '2018-02-09 09:31:03', 116359000),
(252, 7, NULL, '2018-02-09 09:31:04', 87021000),
(253, 7, NULL, '2018-02-09 09:31:05', 74837000),
(254, 7, NULL, '2018-02-09 09:31:05', 15880000),
(255, 7, NULL, '2018-02-09 09:31:05', 133650000),
(256, 7, NULL, '2018-02-09 09:31:06', 79806000),
(257, 7, NULL, '2018-02-09 09:31:07', 82765000),
(258, 7, NULL, '2018-02-09 09:31:07', 16720000),
(259, 7, NULL, '2018-02-09 09:31:07', 24029000),
(260, 8, NULL, '2018-02-09 09:31:08', 83917000),
(261, 8, NULL, '2018-02-09 09:31:08', 90134000),
(262, 8, NULL, '2018-02-09 09:31:09', 51914000),
(263, 8, NULL, '2018-02-09 09:31:09', 96512000),
(264, 8, NULL, '2018-02-09 09:31:10', 81247000),
(265, 8, NULL, '2018-02-09 09:31:11', 67928000),
(266, 8, NULL, '2018-02-09 09:31:11', 35000000),
(267, 8, NULL, '2018-02-09 09:31:12', 51137000),
(268, 8, NULL, '2018-02-09 09:31:12', 12789000),
(269, 8, NULL, '2018-02-09 09:31:12', 106266000),
(270, 8, NULL, '2018-02-09 09:31:13', 37545000),
(271, 8, NULL, '2018-02-09 09:31:14', 26412000),
(272, 8, NULL, '2018-02-09 09:31:14', 47339000),
(273, 8, NULL, '2018-02-09 09:31:14', 39188000),
(274, 8, NULL, '2018-02-09 09:31:15', 30748000),
(275, 8, NULL, '2018-02-09 09:31:15', 98774000),
(276, 8, NULL, '2018-02-09 09:31:16', 26160000),
(277, 8, NULL, '2018-02-09 09:31:16', 134495000),
(278, 8, NULL, '2018-02-09 09:31:17', 38109000),
(279, 8, NULL, '2018-02-09 09:31:17', 36539000),
(280, 8, NULL, '2018-02-09 09:31:17', 92311000),
(281, 8, NULL, '2018-02-09 09:31:18', 83362000),
(282, 8, NULL, '2018-02-09 09:31:18', 52061000),
(283, 8, NULL, '2018-02-09 09:31:19', 14083000),
(284, 8, NULL, '2018-02-09 09:31:19', 102677000),
(285, 8, NULL, '2018-02-09 09:31:20', 14736000),
(286, 8, NULL, '2018-02-09 09:31:20', 97709000),
(287, 8, NULL, '2018-02-09 09:31:21', 89664000),
(288, 8, NULL, '2018-02-09 09:31:21', 82507000),
(289, 8, NULL, '2018-02-09 09:31:22', 88891000),
(290, 8, NULL, '2018-02-09 09:31:22', 60454000),
(291, 8, NULL, '2018-02-09 09:31:23', 119247000),
(292, 8, NULL, '2018-02-09 09:31:24', 79078000),
(293, 8, NULL, '2018-02-09 09:31:25', 50016000),
(294, 8, NULL, '2018-02-09 09:31:25', 76973000),
(295, 8, NULL, '2018-02-09 09:31:26', 76975000),
(296, 8, NULL, '2018-02-09 09:31:27', 31729000),
(297, 9, NULL, '2018-02-09 09:31:27', 96645000),
(298, 9, NULL, '2018-02-09 09:31:27', 82063000),
(299, 9, NULL, '2018-02-09 09:31:28', 36145000),
(300, 9, NULL, '2018-02-09 09:31:29', 33604000),
(301, 9, NULL, '2018-02-09 09:31:29', 101442000),
(302, 9, NULL, '2018-02-09 09:31:29', 51027000),
(303, 9, NULL, '2018-02-09 09:31:30', 90084000),
(304, 9, NULL, '2018-02-09 09:31:30', 38699000),
(305, 9, NULL, '2018-02-09 09:31:31', 58770000),
(306, 9, NULL, '2018-02-09 09:31:31', 4485000),
(307, 9, NULL, '2018-02-09 09:31:31', 67808000),
(308, 9, NULL, '2018-02-09 09:31:32', 62206000),
(309, 9, NULL, '2018-02-09 09:31:32', 46768000),
(310, 9, NULL, '2018-02-09 09:31:33', 63428000),
(311, 9, NULL, '2018-02-09 09:31:33', 92053000),
(312, 9, NULL, '2018-02-09 09:31:34', 74894000),
(313, 9, NULL, '2018-02-09 09:31:35', 41111000),
(314, 9, NULL, '2018-02-09 09:31:35', 6371000),
(315, 9, NULL, '2018-02-09 09:31:35', 25907000),
(316, 9, NULL, '2018-02-09 09:31:36', 116629000),
(317, 9, NULL, '2018-02-09 09:31:36', 80073000),
(318, 9, NULL, '2018-02-09 09:31:37', 84486000),
(319, 9, NULL, '2018-02-09 09:31:38', 81084000),
(320, 10, NULL, '2018-02-09 09:31:38', 104890000),
(321, 10, NULL, '2018-02-09 09:31:39', 55727000),
(322, 10, NULL, '2018-02-09 09:31:39', 120505000),
(323, 10, NULL, '2018-02-09 09:31:40', 113342000),
(324, 10, NULL, '2018-02-09 09:31:41', 11553000),
(325, 10, NULL, '2018-02-09 09:31:41', 73455000),
(326, 10, NULL, '2018-02-09 09:31:42', 74061000),
(327, 10, NULL, '2018-02-09 09:31:42', 24580000),
(328, 10, NULL, '2018-02-09 09:31:42', 25722000),
(329, 10, NULL, '2018-02-09 09:31:43', 23996000),
(330, 10, NULL, '2018-02-09 09:31:43', 16980000),
(331, 10, NULL, '2018-02-09 09:31:43', 42008000),
(332, 10, NULL, '2018-02-09 09:31:43', 56059000),
(333, 10, NULL, '2018-02-09 09:31:44', 28479000),
(334, 10, NULL, '2018-02-09 09:31:44', 49449000),
(335, 10, NULL, '2018-02-09 09:31:44', 21889000),
(336, 10, NULL, '2018-02-09 09:31:45', 102046000),
(337, 10, NULL, '2018-02-09 09:31:45', 95765000),
(338, 10, NULL, '2018-02-09 09:31:46', 76999000),
(339, 10, NULL, '2018-02-09 09:31:46', 63441000),
(340, 10, NULL, '2018-02-09 09:31:47', 76244000),
(341, 10, NULL, '2018-02-09 09:31:47', 37379000),
(342, 10, NULL, '2018-02-09 09:31:48', 104765000),
(343, 10, NULL, '2018-02-09 09:31:48', 150531000),
(344, 10, NULL, '2018-02-09 09:31:49', 63104000),
(345, 10, NULL, '2018-02-09 09:31:50', 63311000),
(346, 10, NULL, '2018-02-09 09:31:50', 107125000),
(347, 10, NULL, '2018-02-09 09:31:51', 107771000),
(348, 10, NULL, '2018-02-09 09:31:52', 111827000),
(349, 10, NULL, '2018-02-09 09:31:52', 81572000),
(350, 10, NULL, '2018-02-09 09:31:53', 71181000),
(351, 10, NULL, '2018-02-09 09:31:53', 63333000),
(352, 10, NULL, '2018-02-09 09:31:54', 56500000),
(353, 10, NULL, '2018-02-09 09:31:55', 33784000),
(354, 10, NULL, '2018-02-09 09:31:55', 49140000),
(355, 10, NULL, '2018-02-09 09:31:55', 15780000),
(356, 10, NULL, '2018-02-09 09:31:55', 99010000),
(357, 10, NULL, '2018-02-09 09:31:56', 69828000),
(358, 10, NULL, '2018-02-09 09:31:57', 101636000),
(359, 10, NULL, '2018-02-09 09:31:57', 98417000),
(360, 10, NULL, '2018-02-09 09:31:58', 42136000),
(361, 10, NULL, '2018-02-09 09:31:58', 105831000),
(362, 10, NULL, '2018-02-09 09:31:59', 4412000),
(363, 10, NULL, '2018-02-09 09:31:59', 43134000),
(364, 10, NULL, '2018-02-09 09:31:59', 40490000),
(365, 10, NULL, '2018-02-09 09:32:00', 73109000),
(366, 10, NULL, '2018-02-09 09:32:00', 62840000),
(367, 10, NULL, '2018-02-09 09:32:01', 16031000),
(368, 10, NULL, '2018-02-09 09:32:01', 39050000),
(369, 11, NULL, '2018-02-09 09:32:01', 48825000),
(370, 11, NULL, '2018-02-09 09:32:02', 95986000),
(371, 11, NULL, '2018-02-09 09:32:02', 75706000),
(372, 11, NULL, '2018-02-09 09:32:03', 74632000),
(373, 11, NULL, '2018-02-09 09:32:03', 39271000),
(374, 11, NULL, '2018-02-09 09:32:04', 85013000),
(375, 11, NULL, '2018-02-09 09:32:04', 87600000),
(376, 11, NULL, '2018-02-09 09:32:05', 38598000),
(377, 11, NULL, '2018-02-09 09:32:05', 144403000),
(378, 11, NULL, '2018-02-09 09:32:06', 11481000),
(379, 11, NULL, '2018-02-09 09:32:06', 129493000),
(380, 11, NULL, '2018-02-09 09:32:07', 6879000),
(381, 11, NULL, '2018-02-09 09:32:07', 71805000),
(382, 11, NULL, '2018-02-09 09:32:07', 73752000),
(383, 11, NULL, '2018-02-09 09:32:08', 112264000),
(384, 11, NULL, '2018-02-09 09:32:09', 53213000),
(385, 11, NULL, '2018-02-09 09:32:09', 84126000),
(386, 11, NULL, '2018-02-09 09:32:10', 8880000),
(387, 11, NULL, '2018-02-09 09:32:10', 31170000),
(388, 11, NULL, '2018-02-09 09:32:11', 12250000),
(389, 11, NULL, '2018-02-09 09:32:11', 90860000),
(390, 11, NULL, '2018-02-09 09:32:11', 24594000),
(391, 11, NULL, '2018-02-09 09:32:11', 41172000),
(392, 11, NULL, '2018-02-09 09:32:12', 71869000),
(393, 11, NULL, '2018-02-09 09:32:12', 123588000),
(394, 11, NULL, '2018-02-09 09:32:13', 48474000),
(395, 11, NULL, '2018-02-09 09:32:13', 26287000),
(396, 11, NULL, '2018-02-09 09:32:13', 25110000),
(397, 11, NULL, '2018-02-09 09:32:13', 122844000),
(398, 11, NULL, '2018-02-09 09:32:15', 96700000),
(399, 11, NULL, '2018-02-09 09:32:15', 112896000),
(400, 11, NULL, '2018-02-09 09:32:16', 29041000),
(401, 11, NULL, '2018-02-09 09:32:17', 82697000),
(402, 11, NULL, '2018-02-09 09:32:17', 97757000),
(403, 11, NULL, '2018-02-09 09:32:18', 16020000),
(404, 11, NULL, '2018-02-09 09:32:18', 87579000),
(405, 11, NULL, '2018-02-09 09:32:19', 24293000),
(406, 11, NULL, '2018-02-09 09:32:19', 165291000),
(407, 11, NULL, '2018-02-09 09:32:20', 43545000),
(408, 11, NULL, '2018-02-09 09:32:20', 47022000),
(409, 11, NULL, '2018-02-09 09:32:21', 74619000),
(410, 11, NULL, '2018-02-09 09:32:21', 59729000),
(411, 11, NULL, '2018-02-09 09:32:21', 37618000),
(412, 11, NULL, '2018-02-09 09:32:22', 87000000),
(413, 11, NULL, '2018-02-09 09:32:22', 87123000),
(414, 11, NULL, '2018-02-09 09:32:23', 80531000),
(415, 11, NULL, '2018-02-09 09:32:24', 91608000),
(416, 11, NULL, '2018-02-09 09:32:24', 76416000),
(417, 11, NULL, '2018-02-09 09:32:25', 102940000),
(418, 12, NULL, '2018-02-09 09:32:25', 70460000),
(419, 12, NULL, '2018-02-09 09:32:26', 41963000),
(420, 12, NULL, '2018-02-09 09:32:26', 132070000),
(421, 12, NULL, '2018-02-09 09:32:27', 131000000),
(422, 12, NULL, '2018-02-09 09:32:28', 95603000),
(423, 12, NULL, '2018-02-09 09:32:28', 70235000),
(424, 12, NULL, '2018-02-09 09:32:29', 38745000),
(425, 12, NULL, '2018-02-09 09:32:29', 31681000),
(426, 12, NULL, '2018-02-09 09:32:29', 47072000),
(427, 12, NULL, '2018-02-09 09:32:30', 64168000),
(428, 12, NULL, '2018-02-09 09:32:30', 127994000),
(429, 12, NULL, '2018-02-09 09:32:31', 69819000),
(430, 12, NULL, '2018-02-09 09:32:32', 92529000),
(431, 12, NULL, '2018-02-09 09:32:32', 116575000),
(432, 12, NULL, '2018-02-09 09:32:33', 99880000),
(433, 12, NULL, '2018-02-09 09:32:34', 14570000),
(434, 12, NULL, '2018-02-09 09:32:34', 93556000),
(435, 12, NULL, '2018-02-09 09:32:34', 95644000),
(436, 12, NULL, '2018-02-09 09:32:35', 44560000),
(437, 12, NULL, '2018-02-09 09:32:36', 71382000),
(438, 12, NULL, '2018-02-09 09:32:36', 37055000),
(439, 12, NULL, '2018-02-09 09:32:36', 62585000),
(440, 12, NULL, '2018-02-09 09:32:37', 77959000),
(441, 12, NULL, '2018-02-09 09:32:38', 62113000),
(442, 12, NULL, '2018-02-09 09:32:38', 62331000),
(443, 13, NULL, '2018-02-09 09:32:39', 8169000),
(444, 13, NULL, '2018-02-09 09:32:39', 38027000),
(445, 13, NULL, '2018-02-09 09:32:39', 148579000),
(446, 13, NULL, '2018-02-09 09:32:40', 4105000),
(447, 13, NULL, '2018-02-09 09:32:40', 93474000),
(448, 13, NULL, '2018-02-09 09:32:41', 96480000),
(449, 13, NULL, '2018-02-09 09:32:42', 84682000),
(450, 13, NULL, '2018-02-09 09:32:42', 65248000),
(451, 13, NULL, '2018-02-09 09:32:43', 21311000),
(452, 13, NULL, '2018-02-09 09:32:43', 49340000),
(453, 13, NULL, '2018-02-09 09:32:43', 37407000),
(454, 13, NULL, '2018-02-09 09:32:44', 116085000),
(455, 13, NULL, '2018-02-09 09:32:44', 105687000),
(456, 13, NULL, '2018-02-09 09:32:45', 73529000),
(457, 13, NULL, '2018-02-09 09:32:46', 124223000),
(458, 13, NULL, '2018-02-09 09:32:46', 39628000),
(459, 13, NULL, '2018-02-09 09:32:47', 114894000),
(460, 13, NULL, '2018-02-09 09:32:47', 102642000),
(461, 13, NULL, '2018-02-09 09:32:48', 111123000),
(462, 13, NULL, '2018-02-09 09:32:49', 9091000),
(463, 13, NULL, '2018-02-09 09:32:49', 53382000),
(464, 13, NULL, '2018-02-09 09:32:50', 116454000),
(465, 13, NULL, '2018-02-09 09:32:50', 9206000),
(466, 13, NULL, '2018-02-09 09:32:50', 79157000),
(467, 13, NULL, '2018-02-09 09:32:51', 48353000),
(468, 13, NULL, '2018-02-09 09:32:52', 24924000),
(469, 13, NULL, '2018-02-09 09:32:52', 45215000),
(470, 13, NULL, '2018-02-09 09:32:52', 149759000),
(471, 13, NULL, '2018-02-09 09:32:53', 78275000),
(472, 14, NULL, '2018-02-09 09:32:53', 53688000),
(473, 14, NULL, '2018-02-09 09:32:54', 61164000),
(474, 14, NULL, '2018-02-09 09:32:54', 48777000),
(475, 14, NULL, '2018-02-09 09:32:55', 54958000),
(476, 14, NULL, '2018-02-09 09:32:55', 111300000),
(477, 14, NULL, '2018-02-09 09:32:55', 10557000),
(478, 14, NULL, '2018-02-09 09:32:56', 77673000),
(479, 14, NULL, '2018-02-09 09:32:56', 100850000),
(480, 14, NULL, '2018-02-09 09:32:57', 51219000),
(481, 14, NULL, '2018-02-09 09:32:57', 88335000),
(482, 15, NULL, '2018-02-09 09:32:58', 67500000),
(483, 15, NULL, '2018-02-09 09:32:59', 26832000),
(484, 15, NULL, '2018-02-09 09:32:59', 42058000),
(485, 15, NULL, '2018-02-09 09:32:59', 33220000),
(486, 15, NULL, '2018-02-09 09:33:00', 102902000),
(487, 15, NULL, '2018-02-09 09:33:00', 42918000),
(488, 15, NULL, '2018-02-09 09:33:01', 70445000),
(489, 15, NULL, '2018-02-09 09:33:01', 104480000),
(490, 15, NULL, '2018-02-09 09:33:02', 22795000),
(491, 15, NULL, '2018-02-09 09:33:02', 127075000),
(492, 15, NULL, '2018-02-09 09:33:02', 49898000),
(493, 15, NULL, '2018-02-09 09:33:03', 16375000),
(494, 15, NULL, '2018-02-09 09:33:03', 34738000),
(495, 15, NULL, '2018-02-09 09:33:03', 25802000),
(496, 15, NULL, '2018-02-09 09:33:04', 77923000),
(497, 15, NULL, '2018-02-09 09:33:04', 69576000),
(498, 15, NULL, '2018-02-09 09:33:05', 77382000),
(499, 15, NULL, '2018-02-09 09:33:05', 39378000),
(500, 15, NULL, '2018-02-09 09:33:06', 121915000),
(501, 15, NULL, '2018-02-09 09:33:06', 40210000),
(502, 15, NULL, '2018-02-09 09:33:07', 48934000),
(503, 15, NULL, '2018-02-09 09:33:07', 54815000),
(504, 15, NULL, '2018-02-09 09:33:07', 110837000),
(505, 15, NULL, '2018-02-09 09:33:08', 23777000),
(506, 15, NULL, '2018-02-09 09:33:08', 22158000),
(507, 15, NULL, '2018-02-09 09:33:09', 54828000),
(508, 15, NULL, '2018-02-09 09:33:09', 106536000),
(509, 15, NULL, '2018-02-09 09:33:10', 15512000),
(510, 15, NULL, '2018-02-09 09:33:10', 89182000),
(511, 15, NULL, '2018-02-09 09:33:11', 52342000),
(512, 15, NULL, '2018-02-09 09:33:11', 45436000),
(513, 15, NULL, '2018-02-09 09:33:11', 20089000),
(514, 15, NULL, '2018-02-09 09:33:12', 31708000),
(515, 15, NULL, '2018-02-09 09:33:12', 26750000),
(516, 15, NULL, '2018-02-09 09:33:12', 39727000),
(517, 15, NULL, '2018-02-09 09:33:13', 111885000),
(518, 15, NULL, '2018-02-09 09:33:13', 89764000),
(519, 15, NULL, '2018-02-09 09:33:14', 64915000),
(520, 15, NULL, '2018-02-09 09:33:14', 60374000),
(521, 16, NULL, '2018-02-09 09:33:15', 79092000),
(522, 16, NULL, '2018-02-09 09:33:15', 18610000),
(523, 16, NULL, '2018-02-09 09:33:16', 81191000),
(524, 16, NULL, '2018-02-09 09:33:16', 72681000),
(525, 16, NULL, '2018-02-09 09:33:17', 38615000),
(526, 16, NULL, '2018-02-09 09:33:17', 76399000),
(527, 16, NULL, '2018-02-09 09:33:18', 58297000),
(528, 16, NULL, '2018-02-09 09:33:18', 55829000),
(529, 16, NULL, '2018-02-09 09:33:19', 37230000),
(530, 16, NULL, '2018-02-09 09:33:19', 95667000),
(531, 16, NULL, '2018-02-09 09:33:20', 67969000),
(532, 16, NULL, '2018-02-09 09:33:20', 53742000),
(533, 16, NULL, '2018-02-09 09:33:21', 140145000),
(534, 16, NULL, '2018-02-09 09:33:21', 67247000),
(535, 16, NULL, '2018-02-09 09:33:22', 41850000),
(536, 16, NULL, '2018-02-09 09:33:22', 144833000),
(537, 16, NULL, '2018-02-09 09:33:23', 27616000),
(538, 16, NULL, '2018-02-09 09:33:23', 123963000),
(539, 16, NULL, '2018-02-09 09:33:24', 45329000),
(540, 16, NULL, '2018-02-09 09:33:25', 22052000),
(541, 16, NULL, '2018-02-09 09:33:25', 64189000),
(542, 16, NULL, '2018-02-09 09:33:25', 21942000),
(543, 16, NULL, '2018-02-09 09:33:26', 83531000),
(544, 16, NULL, '2018-02-09 09:33:27', 63252000),
(545, 16, NULL, '2018-02-09 09:33:27', 84311000),
(546, 16, NULL, '2018-02-09 09:33:28', 98075000),
(547, 16, NULL, '2018-02-09 09:33:29', 24205000),
(548, 16, NULL, '2018-02-09 09:33:30', 106403000),
(549, 16, NULL, '2018-02-09 09:33:31', 129562000),
(550, 16, NULL, '2018-02-09 09:33:32', 75352000),
(551, 16, NULL, '2018-02-09 09:33:32', 14382000),
(552, 16, NULL, '2018-02-09 09:33:33', 17272000),
(553, 16, NULL, '2018-02-09 09:33:33', 35781000),
(554, 16, NULL, '2018-02-09 09:33:34', 30605000),
(555, 16, NULL, '2018-02-09 09:33:34', 104226000),
(556, 16, NULL, '2018-02-09 09:33:35', 153068000),
(557, 16, NULL, '2018-02-09 09:33:36', 28048000),
(558, 16, NULL, '2018-02-09 09:33:36', 80723000),
(559, 16, NULL, '2018-02-09 09:33:37', 69522000),
(560, 16, NULL, '2018-02-09 09:33:38', 97735000),
(561, 16, NULL, '2018-02-09 09:33:39', 30860000),
(562, 16, NULL, '2018-02-09 09:33:39', 83166000);

-- --------------------------------------------------------

--
-- Table structure for table `produk`
--

CREATE TABLE `produk` (
  `id` int(11) NOT NULL,
  `code` varchar(255) NOT NULL,
  `nama` varchar(255) NOT NULL,
  `hargaBeli` int(11) NOT NULL,
  `hargaJual` int(11) NOT NULL
) ENGINE=InnoDB DEFAULT CHARSET=latin1;

--
-- Dumping data for table `produk`
--

INSERT INTO `produk` (`id`, `code`, `nama`, `hargaBeli`, `hargaJual`) VALUES
(1, '62643', 'Produk PT Indofood0', 929000, 1027000),
(2, '44274', 'Produk PT Indofood1', 692000, 701000),
(3, '18853', 'Produk PT Indofood2', 278000, 296000),
(4, '51919', 'Produk PT Indofood3', 660000, 686000),
(5, '40157', 'Produk PT Indofood4', 236000, 270000),
(6, '85946', 'Produk PT Indofood5', 876000, 953000),
(7, '61748', 'Produk PT Indofood6', 419000, 490000),
(8, '42095', 'Produk PT Indofood7', 412000, 442000),
(9, '57977', 'Produk PT Indofood8', 621000, 628000),
(10, '48760', 'Produk PT Indofood9', 696000, 721000),
(11, '46507', 'Produk PT Indofood10', 287000, 305000),
(12, '50409', 'Produk PT Indofood11', 870000, 954000),
(13, '62956', 'Produk PT Indofood12', 253000, 267000),
(14, '83466', 'Produk PT Indofood13', 351000, 429000),
(15, '21142', 'Produk PT Indofood14', 815000, 915000),
(16, '88654', 'Produk PT Indofood15', 153000, 241000),
(17, '61057', 'Produk PT Indofood16', 993000, 1025000),
(18, '84861', 'Produk PT Indofood17', 570000, 641000),
(19, '86852', 'Produk PT Indofood18', 925000, 960000),
(20, '15835', 'Produk PT Indofood19', 460000, 465000),
(21, '28394', 'Produk PT Indofood20', 889000, 921000),
(22, '13033', 'Produk PT Indofood21', 297000, 317000),
(23, '22350', 'Produk PT Indofood22', 744000, 788000),
(24, '90920', 'Produk PT Indofood23', 334000, 411000),
(25, '90396', 'Produk PT Indofood24', 151000, 210000),
(26, '78658', 'Produk PT Indofood25', 275000, 349000),
(27, '14359', 'Produk PT Indofood26', 149000, 222000),
(28, '76868', 'Produk PT Indofood27', 714000, 745000),
(29, '15102', 'Produk PT Indofood28', 547000, 571000),
(30, '15790', 'Produk PT Indofood29', 401000, 469000),
(31, '42024', 'Produk PT Indofood30', 466000, 523000),
(32, '56448', 'Produk PT Indofood31', 669000, 755000),
(33, '93336', 'Produk PT Indofood32', 703000, 764000),
(34, '71542', 'Produk PT Indofood33', 839000, 932000),
(35, '66764', 'Produk PT Kimia Farma0', 70000, 99000),
(36, '45422', 'Produk PT Kimia Farma1', 340000, 438000),
(37, '49781', 'Produk PT Kimia Farma2', 484000, 555000),
(38, '26650', 'Produk PT Kimia Farma3', 198000, 296000),
(39, '31752', 'Produk PT Kimia Farma4', 740000, 761000),
(40, '37542', 'Produk PT Kimia Farma5', 140000, 225000),
(41, '69567', 'Produk PT Kimia Farma6', 602000, 644000),
(42, '26015', 'Produk PT Kimia Farma7', 270000, 297000),
(43, '19352', 'Produk PT Kimia Farma8', 969000, 1052000),
(44, '80895', 'Produk PT Kimia Farma9', 808000, 883000),
(45, '13881', 'Produk PT Kimia Farma10', 546000, 627000),
(46, '11705', 'Produk PT Kimia Farma11', 178000, 196000),
(47, '73707', 'Produk PT Kimia Farma12', 570000, 634000),
(48, '70980', 'Produk PT Kimia Farma13', 14000, 97000),
(49, '86707', 'Produk PT Kimia Farma14', 199000, 257000),
(50, '72053', 'Produk PT Kimia Farma15', 439000, 510000),
(51, '16943', 'Produk PT Kimia Farma16', 744000, 776000),
(52, '37807', 'Produk PT Kimia Farma17', 407000, 465000),
(53, '21489', 'Produk PT Kimia Farma18', 585000, 640000),
(54, '87785', 'Produk PT Kimia Farma19', 688000, 724000),
(55, '69961', 'Produk PT Kimia Farma20', 477000, 565000),
(56, '82423', 'Produk PT Kimia Farma21', 520000, 529000),
(57, '48236', 'Produk PT Kimia Farma22', 539000, 603000),
(58, '31518', 'Produk PT Kimia Farma23', 248000, 313000),
(59, '81249', 'Produk PT Kimia Farma24', 922000, 1005000),
(60, '53265', 'Produk PT Kimia Farma25', 775000, 804000),
(61, '79234', 'Produk PT Kimia Farma26', 466000, 566000),
(62, '39220', 'Produk PT Kimia Farma27', 543000, 586000),
(63, '86320', 'Produk PT Kimia Farma28', 851000, 950000),
(64, '25983', 'Produk PT Kimia Farma29', 978000, 1047000),
(65, '14575', 'Produk PT Kimia Farma30', 843000, 862000),
(66, '18860', 'Produk PT Kimia Farma31', 510000, 578000),
(67, '74262', 'Produk PT Kimia Farma32', 316000, 340000),
(68, '40562', 'Produk PT Kimia Farma33', 739000, 786000),
(69, '24410', 'Produk PT Kimia Farma34', 977000, 1017000),
(70, '47558', 'Produk PT Kimia Farma35', 769000, 787000),
(71, '47550', 'Produk PT Kimia Farma36', 252000, 315000),
(72, '83953', 'Produk PT Kimia Farma37', 22000, 40000),
(73, '82782', 'Produk PT Kimia Farma38', 346000, 446000),
(74, '53388', 'Produk PT Kimia Farma39', 194000, 292000),
(75, '47723', 'Produk PT Wings0', 814000, 879000),
(76, '56584', 'Produk PT Wings1', 324000, 357000),
(77, '30847', 'Produk PT Wings2', 635000, 687000),
(78, '61409', 'Produk PT Wings3', 374000, 469000),
(79, '75819', 'Produk PT Wings4', 350000, 384000),
(80, '23378', 'Produk PT Wings5', 119000, 167000),
(81, '60928', 'Produk PT Wings6', 367000, 377000),
(82, '44882', 'Produk PT Wings7', 385000, 408000),
(83, '27664', 'Produk PT Wings8', 726000, 749000),
(84, '71053', 'Produk PT Wings9', 916000, 936000),
(85, '37722', 'Produk PT Wings10', 287000, 385000),
(86, '64226', 'Produk PT Wings11', 704000, 737000),
(87, '18826', 'Produk PT Wings12', 224000, 318000),
(88, '13488', 'Produk PT Wings13', 455000, 488000),
(89, '41161', 'Produk PT Wings14', 28000, 95000),
(90, '81500', 'Produk PT Wings15', 756000, 834000),
(91, '86215', 'Produk PT Wings16', 904000, 921000),
(92, '13958', 'Produk PT Wings17', 472000, 525000),
(93, '31191', 'Produk PT Wings18', 858000, 885000),
(94, '45862', 'Produk PT Wings19', 57000, 76000),
(95, '43708', 'Produk PT Wings20', 733000, 779000),
(96, '70426', 'Produk PT Wings21', 44000, 61000),
(97, '64136', 'Produk PT Wings22', 644000, 683000),
(98, '91195', 'Produk PT Wings23', 741000, 823000),
(99, '59479', 'Produk PT Wings24', 780000, 864000),
(100, '92741', 'Produk PT Unilever0', 587000, 621000),
(101, '78956', 'Produk PT Unilever1', 490000, 537000),
(102, '82915', 'Produk PT Unilever2', 957000, 1052000),
(103, '14106', 'Produk PT Unilever3', 815000, 837000),
(104, '49969', 'Produk PT Unilever4', 867000, 903000),
(105, '83678', 'Produk PT Unilever5', 600000, 677000),
(106, '54104', 'Produk PT Unilever6', 639000, 729000),
(107, '18241', 'Produk PT Unilever7', 282000, 310000),
(108, '99436', 'Produk PT Unilever8', 23000, 33000),
(109, '58915', 'Produk PT Unilever9', 798000, 887000),
(110, '87028', 'Produk PT Unilever10', 923000, 973000),
(111, '36514', 'Produk PT Unilever11', 843000, 939000),
(112, '31737', 'Produk PT Unilever12', 610000, 702000),
(113, '47908', 'Produk PT Unilever13', 421000, 495000),
(114, '77401', 'Produk PT Unilever14', 466000, 527000),
(115, '75354', 'Produk PT Garudafood0', 195000, 248000),
(116, '29459', 'Produk PT Garudafood1', 829000, 872000),
(117, '37700', 'Produk PT Garudafood2', 110000, 177000),
(118, '37137', 'Produk PT Garudafood3', 129000, 201000),
(119, '86053', 'Produk PT Garudafood4', 923000, 984000),
(120, '73081', 'Produk PT Garudafood5', 845000, 855000),
(121, '99596', 'Produk PT Garudafood6', 687000, 693000),
(122, '31333', 'Produk PT Garudafood7', 296000, 390000),
(123, '69242', 'Produk PT Garudafood8', 712000, 780000),
(124, '46643', 'Produk PT Garudafood9', 178000, 207000),
(125, '92383', 'Produk PT Garudafood10', 86000, 133000),
(126, '38554', 'Produk PT Garudafood11', 809000, 839000),
(127, '97081', 'Produk PT Garudafood12', 29000, 70000),
(128, '70566', 'Produk PT Garudafood13', 335000, 388000),
(129, '33700', 'Produk PT Garudafood14', 635000, 680000),
(130, '39085', 'Produk PT Garudafood15', 481000, 511000),
(131, '40604', 'Produk PT Garudafood16', 183000, 279000),
(132, '34360', 'Produk PT Garudafood17', 179000, 207000),
(133, '93551', 'Produk PT Garudafood18', 415000, 511000),
(134, '26135', 'Produk PT Garudafood19', 74000, 91000),
(135, '65889', 'Produk PT Garudafood20', 480000, 505000),
(136, '90123', 'Produk PT Garudafood21', 396000, 402000),
(137, '33916', 'Produk PT Garudafood22', 712000, 721000),
(138, '78933', 'Produk PT Garudafood23', 679000, 720000),
(139, '26921', 'Produk PT Garudafood24', 354000, 359000),
(140, '50867', 'Produk PT Garudafood25', 616000, 667000),
(141, '46499', 'Produk PT Garudafood26', 938000, 1006000),
(142, '68504', 'Produk PT Garudafood27', 280000, 365000),
(143, '64482', 'Produk PT Garudafood28', 550000, 579000),
(144, '76140', 'Produk PT Garudafood29', 479000, 515000),
(145, '95155', 'Produk PT Garudafood30', 657000, 738000),
(146, '96883', 'Produk PT Garudafood31', 280000, 303000),
(147, '10781', 'Produk PT Garudafood32', 170000, 261000),
(148, '44552', 'Produk PT Garudafood33', 435000, 495000),
(149, '45332', 'Produk PT Garudafood34', 202000, 296000),
(150, '89174', 'Produk PT Garudafood35', 389000, 446000),
(151, '59160', 'Produk PT Garudafood36', 842000, 893000),
(152, '44887', 'Produk PT Garudafood37', 249000, 326000),
(153, '67687', 'Produk PT Garudafood38', 897000, 931000),
(154, '96804', 'Produk PT Garudafood39', 504000, 584000),
(155, '78881', 'Produk PT Garudafood40', 240000, 287000),
(156, '96302', 'Produk PT Garudafood41', 186000, 259000),
(157, '87622', 'Produk PT Garudafood42', 152000, 241000),
(158, '49922', 'Produk PT Garudafood43', 160000, 195000),
(159, '43769', 'Produk PT Garudafood44', 543000, 597000),
(160, '92862', 'Produk PT Garudafood45', 934000, 1025000),
(161, '46287', 'Produk PT Garudafood46', 814000, 889000);

-- --------------------------------------------------------

--
-- Table structure for table `rfidlist`
--

CREATE TABLE `rfidlist` (
  `id` int(11) NOT NULL,
  `rfid` varchar(255) NOT NULL,
  `status` enum('available','unavailable','','') NOT NULL DEFAULT 'available'
) ENGINE=InnoDB DEFAULT CHARSET=latin1;

--
-- Dumping data for table `rfidlist`
--

INSERT INTO `rfidlist` (`id`, `rfid`, `status`) VALUES
(1, '1739021643', 'available'),
(27, '22922970213', 'available'),
(37, '9024222143', 'available'),
(45, '2917222143', 'available'),
(53, '10120912799', 'available'),
(60, '1341217288', 'available'),
(66, '13311012799', 'available'),
(73, '19713113299', 'available'),
(79, '1338313099', 'available'),
(83, '17224322143', 'available'),
(89, '2494823043', 'available'),
(94, '523211599', 'available'),
(101, '86617088', 'available'),
(107, '13323912699', 'available'),
(115, '18119313899', 'available'),
(123, '16625117088', 'available');

-- --------------------------------------------------------

--
-- Table structure for table `supplier`
--

CREATE TABLE `supplier` (
  `id` int(11) NOT NULL,
  `nama` varchar(255) NOT NULL,
  `alamat` varchar(255) NOT NULL,
  `notelp` varchar(30) NOT NULL
) ENGINE=InnoDB DEFAULT CHARSET=latin1;

--
-- Dumping data for table `supplier`
--

INSERT INTO `supplier` (`id`, `nama`, `alamat`, `notelp`) VALUES
(1, 'PT Indofood', 'alamat PT Indofood', '08178187'),
(2, 'PT Kimia Farma', 'alamat PT Kimia Farma', '08125881'),
(3, 'PT Wings', 'alamat PT Wings', '08116730'),
(4, 'PT Unilever', 'alamat PT Unilever', '08126991'),
(5, 'PT Garudafood', 'alamat PT Garudafood', '08190783');

-- --------------------------------------------------------

--
-- Table structure for table `transPembelian`
--

CREATE TABLE `transPembelian` (
  `id` int(11) NOT NULL,
  `pembelian` int(11) NOT NULL,
  `produk` int(11) NOT NULL,
  `jumlah` int(11) NOT NULL
) ENGINE=InnoDB DEFAULT CHARSET=latin1;

--
-- Dumping data for table `transPembelian`
--

INSERT INTO `transPembelian` (`id`, `pembelian`, `produk`, `jumlah`) VALUES
(1, 1, 139, 23),
(2, 1, 118, 50),
(3, 1, 109, 5),
(4, 1, 28, 13),
(5, 1, 4, 39),
(6, 1, 45, 5),
(7, 1, 159, 30),
(8, 1, 132, 45),
(9, 1, 94, 8),
(10, 1, 63, 47),
(11, 1, 111, 18),
(12, 1, 145, 21),
(13, 1, 100, 34),
(14, 1, 117, 16),
(15, 1, 77, 10),
(16, 1, 27, 17),
(17, 1, 105, 45),
(18, 1, 53, 17),
(19, 2, 81, 30),
(20, 2, 161, 14),
(21, 2, 138, 5),
(22, 2, 43, 23),
(23, 2, 146, 8),
(24, 2, 6, 3),
(25, 2, 87, 49),
(26, 2, 120, 45),
(27, 2, 140, 9),
(28, 2, 83, 28),
(29, 2, 143, 42),
(30, 2, 4, 4),
(31, 2, 160, 18),
(32, 2, 117, 44),
(33, 2, 110, 3),
(34, 2, 138, 10),
(35, 2, 101, 43),
(36, 2, 74, 24),
(37, 2, 151, 36),
(38, 2, 150, 42),
(39, 3, 155, 45),
(40, 3, 65, 47),
(41, 3, 103, 15),
(42, 3, 129, 41),
(43, 3, 130, 18),
(44, 3, 110, 32),
(45, 3, 60, 38),
(46, 3, 100, 37),
(47, 3, 77, 25),
(48, 3, 66, 27),
(49, 3, 57, 30),
(50, 3, 24, 11),
(51, 3, 8, 32),
(52, 3, 23, 39),
(53, 3, 90, 49),
(54, 3, 101, 26),
(55, 3, 141, 2),
(56, 3, 73, 26),
(57, 4, 41, 16),
(58, 4, 21, 30),
(59, 4, 160, 39),
(60, 4, 155, 38),
(61, 4, 62, 35),
(62, 4, 37, 44),
(63, 4, 15, 38),
(64, 4, 38, 35),
(65, 5, 70, 37),
(66, 5, 83, 29),
(67, 5, 79, 4),
(68, 5, 88, 6),
(69, 5, 95, 21),
(70, 5, 23, 2),
(71, 5, 149, 24),
(72, 5, 47, 12),
(73, 5, 96, 45),
(74, 5, 37, 18),
(75, 5, 136, 49),
(76, 5, 119, 27),
(77, 5, 33, 31),
(78, 5, 100, 48),
(79, 5, 136, 16),
(80, 5, 135, 14),
(81, 5, 5, 18),
(82, 5, 136, 26),
(83, 6, 63, 32),
(84, 6, 2, 40),
(85, 6, 124, 3),
(86, 6, 117, 12),
(87, 6, 54, 48),
(88, 6, 133, 11),
(89, 6, 30, 9),
(90, 6, 9, 8),
(91, 6, 147, 29),
(92, 7, 85, 10),
(93, 7, 49, 19),
(94, 7, 81, 7),
(95, 7, 104, 27),
(96, 7, 79, 25),
(97, 7, 6, 46),
(98, 7, 141, 33),
(99, 7, 147, 34),
(100, 8, 154, 20),
(101, 8, 106, 15),
(102, 8, 57, 24),
(103, 8, 81, 27),
(104, 8, 106, 28),
(105, 8, 113, 29),
(106, 8, 22, 3),
(107, 8, 16, 17),
(108, 8, 58, 24),
(109, 8, 135, 25),
(110, 9, 58, 50),
(111, 9, 96, 20),
(112, 9, 143, 24),
(113, 9, 9, 40),
(114, 10, 77, 38),
(115, 10, 85, 7),
(116, 10, 7, 44),
(117, 10, 99, 28),
(118, 11, 44, 5),
(119, 11, 18, 42),
(120, 11, 38, 9),
(121, 11, 151, 29),
(122, 11, 85, 20),
(123, 11, 65, 1),
(124, 11, 82, 38),
(125, 11, 1, 5),
(126, 11, 24, 45),
(127, 12, 33, 35),
(128, 12, 111, 34),
(129, 12, 71, 11),
(130, 12, 130, 24),
(131, 12, 15, 21),
(132, 12, 4, 26),
(133, 12, 110, 7),
(134, 12, 100, 27),
(135, 12, 58, 40),
(136, 12, 74, 47),
(137, 12, 50, 43),
(138, 12, 52, 17),
(139, 13, 13, 17),
(140, 13, 73, 12),
(141, 13, 35, 1),
(142, 13, 69, 45),
(143, 13, 112, 6),
(144, 13, 54, 46),
(145, 13, 147, 41),
(146, 13, 1, 17),
(147, 14, 82, 1),
(148, 14, 154, 7),
(149, 14, 85, 16),
(150, 14, 147, 50),
(151, 14, 38, 11),
(152, 14, 135, 28),
(153, 14, 88, 10),
(154, 14, 102, 44),
(155, 14, 103, 44),
(156, 14, 13, 33),
(157, 14, 47, 49),
(158, 14, 56, 20),
(159, 14, 50, 13),
(160, 14, 49, 6),
(161, 14, 41, 32),
(162, 14, 154, 39),
(163, 14, 102, 46),
(164, 15, 26, 11),
(165, 15, 129, 7),
(166, 15, 72, 1),
(167, 15, 157, 50),
(168, 15, 91, 9),
(169, 15, 102, 22),
(170, 15, 129, 25),
(171, 15, 82, 23),
(172, 15, 126, 25),
(173, 15, 128, 9),
(174, 15, 127, 3),
(175, 15, 76, 46),
(176, 15, 48, 5),
(177, 15, 138, 3),
(178, 15, 117, 39),
(179, 15, 153, 45),
(180, 15, 158, 38),
(181, 15, 4, 22),
(182, 16, 160, 21),
(183, 16, 53, 8),
(184, 16, 9, 38),
(185, 16, 154, 28),
(186, 16, 43, 21),
(187, 16, 53, 38),
(188, 16, 32, 25),
(189, 16, 86, 12),
(190, 16, 156, 22),
(191, 16, 86, 3),
(192, 16, 48, 30),
(193, 16, 126, 3),
(194, 16, 88, 34),
(195, 16, 6, 15),
(196, 16, 110, 23),
(197, 16, 10, 34),
(198, 17, 63, 42),
(199, 17, 149, 8),
(200, 17, 126, 24),
(201, 17, 66, 10),
(202, 17, 128, 8),
(203, 17, 61, 15),
(204, 17, 110, 31),
(205, 17, 41, 6),
(206, 17, 24, 16),
(207, 17, 67, 37),
(208, 17, 15, 24),
(209, 17, 45, 38),
(210, 17, 81, 29),
(211, 17, 71, 48),
(212, 17, 101, 6),
(213, 17, 133, 1),
(214, 17, 151, 38),
(215, 17, 26, 36),
(216, 18, 91, 46),
(217, 18, 1, 36),
(218, 18, 46, 15),
(219, 18, 64, 45),
(220, 18, 87, 26),
(221, 18, 7, 43),
(222, 19, 125, 47),
(223, 19, 63, 3),
(224, 19, 112, 45),
(225, 19, 100, 7),
(226, 19, 135, 13),
(227, 19, 38, 33),
(228, 19, 42, 9),
(229, 19, 65, 21),
(230, 19, 144, 31),
(231, 19, 158, 40),
(232, 19, 100, 35),
(233, 19, 13, 46),
(234, 19, 14, 49),
(235, 19, 71, 30),
(236, 19, 2, 14),
(237, 19, 83, 40),
(238, 19, 35, 45),
(239, 19, 136, 46),
(240, 19, 127, 23),
(241, 20, 100, 36),
(242, 20, 43, 14),
(243, 21, 71, 35),
(244, 21, 62, 17),
(245, 21, 48, 19),
(246, 21, 21, 46),
(247, 21, 9, 11),
(248, 21, 131, 7),
(249, 21, 29, 13),
(250, 21, 117, 10),
(251, 21, 85, 12),
(252, 21, 157, 38),
(253, 21, 22, 41),
(254, 21, 105, 46),
(255, 21, 44, 34),
(256, 21, 87, 49),
(257, 21, 152, 41),
(258, 21, 152, 20),
(259, 21, 80, 17),
(260, 21, 115, 40),
(261, 21, 111, 42),
(262, 21, 113, 37),
(263, 22, 83, 44),
(264, 22, 35, 38),
(265, 23, 65, 15),
(266, 23, 134, 19),
(267, 23, 5, 49),
(268, 23, 30, 34),
(269, 23, 142, 23),
(270, 23, 57, 21),
(271, 23, 70, 15),
(272, 23, 37, 19),
(273, 23, 109, 37),
(274, 23, 112, 20),
(275, 23, 83, 20),
(276, 23, 36, 11),
(277, 23, 20, 13),
(278, 24, 160, 24),
(279, 24, 78, 30),
(280, 24, 141, 39),
(281, 24, 68, 13),
(282, 24, 129, 19),
(283, 24, 69, 24),
(284, 24, 42, 44),
(285, 24, 133, 34),
(286, 24, 50, 6),
(287, 24, 146, 35),
(288, 24, 128, 32),
(289, 24, 61, 9),
(290, 24, 23, 38),
(291, 24, 65, 18),
(292, 24, 142, 33),
(293, 25, 140, 7),
(294, 25, 90, 23),
(295, 25, 1, 17),
(296, 26, 39, 7),
(297, 26, 41, 34),
(298, 26, 96, 26),
(299, 26, 89, 21),
(300, 26, 30, 43),
(301, 26, 86, 5),
(302, 26, 87, 17),
(303, 26, 116, 46),
(304, 26, 82, 43),
(305, 26, 108, 46),
(306, 26, 34, 28),
(307, 26, 92, 14),
(308, 26, 67, 35),
(309, 26, 135, 44),
(310, 26, 113, 9),
(311, 26, 119, 47),
(312, 26, 46, 50),
(313, 26, 98, 44),
(314, 27, 25, 15),
(315, 27, 110, 1),
(316, 27, 133, 39),
(317, 27, 89, 8),
(318, 27, 79, 24),
(319, 27, 106, 18),
(320, 27, 22, 29),
(321, 27, 89, 34),
(322, 27, 21, 42),
(323, 27, 15, 42),
(324, 27, 108, 49),
(325, 28, 134, 35),
(326, 28, 74, 6),
(327, 28, 111, 4),
(328, 28, 160, 10),
(329, 28, 36, 15),
(330, 28, 140, 12),
(331, 28, 18, 32),
(332, 28, 125, 13),
(333, 28, 21, 12),
(334, 28, 148, 24),
(335, 28, 60, 24),
(336, 29, 8, 31),
(337, 29, 137, 7),
(338, 30, 16, 48),
(339, 30, 56, 40),
(340, 30, 66, 23),
(341, 30, 78, 24),
(342, 30, 73, 34),
(343, 30, 111, 37),
(344, 30, 85, 46),
(345, 30, 136, 9),
(346, 30, 112, 5),
(347, 30, 48, 47),
(348, 30, 3, 39),
(349, 31, 79, 40),
(350, 31, 55, 5),
(351, 31, 102, 24),
(352, 31, 84, 8),
(353, 31, 92, 24),
(354, 31, 80, 19),
(355, 31, 141, 48),
(356, 32, 55, 21),
(357, 32, 82, 2),
(358, 32, 23, 2),
(359, 32, 152, 50),
(360, 32, 32, 32),
(361, 32, 13, 25),
(362, 32, 90, 5),
(363, 32, 41, 43),
(364, 32, 94, 2),
(365, 32, 31, 34),
(366, 32, 108, 34),
(367, 32, 31, 41),
(368, 32, 38, 33),
(369, 32, 51, 30),
(370, 32, 86, 14),
(371, 32, 71, 44),
(372, 32, 109, 48),
(373, 32, 144, 41),
(374, 33, 135, 40),
(375, 33, 29, 24),
(376, 33, 141, 34),
(377, 33, 4, 49),
(378, 33, 149, 44),
(379, 33, 88, 48),
(380, 33, 10, 11),
(381, 33, 101, 37),
(382, 33, 66, 23),
(383, 33, 154, 4),
(384, 33, 123, 28),
(385, 33, 96, 2),
(386, 33, 159, 24),
(387, 33, 114, 47),
(388, 33, 58, 26),
(389, 33, 147, 10),
(390, 33, 50, 5),
(391, 33, 106, 10),
(392, 33, 121, 34),
(393, 33, 24, 34),
(394, 34, 112, 32),
(395, 34, 99, 46),
(396, 34, 41, 17),
(397, 34, 51, 35),
(398, 34, 46, 19),
(399, 34, 75, 42),
(400, 34, 157, 25),
(401, 34, 132, 22),
(402, 34, 32, 38),
(403, 34, 128, 36),
(404, 34, 107, 50),
(405, 34, 4, 38),
(406, 35, 33, 25),
(407, 35, 52, 18),
(408, 35, 26, 44),
(409, 35, 7, 40),
(410, 35, 78, 48),
(411, 35, 7, 41),
(412, 35, 42, 37),
(413, 35, 17, 32),
(414, 35, 32, 47),
(415, 35, 98, 35),
(416, 35, 122, 3),
(417, 35, 143, 26),
(418, 35, 136, 30),
(419, 35, 27, 42),
(420, 36, 146, 24),
(421, 36, 132, 20),
(422, 36, 128, 9),
(423, 36, 90, 34),
(424, 36, 33, 18),
(425, 36, 25, 8),
(426, 36, 62, 49),
(427, 36, 65, 6),
(428, 36, 11, 2),
(429, 36, 52, 50),
(430, 36, 104, 1),
(431, 36, 121, 35),
(432, 36, 144, 13),
(433, 37, 78, 21),
(434, 37, 57, 5),
(435, 37, 52, 42),
(436, 37, 146, 36),
(437, 37, 100, 4),
(438, 37, 45, 15),
(439, 37, 44, 31),
(440, 37, 71, 21),
(441, 37, 161, 21),
(442, 37, 131, 6),
(443, 37, 76, 43),
(444, 38, 76, 25),
(445, 38, 71, 11),
(446, 38, 28, 17),
(447, 38, 76, 35),
(448, 38, 130, 45),
(449, 38, 8, 46),
(450, 38, 34, 44),
(451, 38, 130, 47),
(452, 38, 79, 44),
(453, 38, 33, 39),
(454, 39, 132, 11),
(455, 39, 90, 41),
(456, 39, 100, 19),
(457, 39, 150, 5),
(458, 40, 59, 28),
(459, 40, 111, 41),
(460, 40, 125, 43),
(461, 40, 21, 13),
(462, 40, 89, 47),
(463, 41, 97, 42),
(464, 41, 55, 24),
(465, 41, 104, 14),
(466, 41, 155, 26),
(467, 42, 119, 34),
(468, 42, 46, 48),
(469, 42, 35, 5),
(470, 42, 92, 30),
(471, 42, 5, 33),
(472, 42, 127, 20),
(473, 42, 34, 24),
(474, 42, 31, 49),
(475, 42, 54, 16),
(476, 42, 36, 45),
(477, 43, 57, 25),
(478, 43, 14, 35),
(479, 43, 154, 37),
(480, 43, 155, 46),
(481, 43, 40, 22),
(482, 43, 105, 46),
(483, 44, 97, 7),
(484, 44, 130, 9),
(485, 44, 113, 42),
(486, 44, 133, 25),
(487, 44, 36, 2),
(488, 44, 156, 21),
(489, 44, 2, 15),
(490, 44, 117, 12),
(491, 44, 30, 49),
(492, 44, 95, 34),
(493, 44, 10, 14),
(494, 44, 99, 40),
(495, 44, 39, 27),
(496, 44, 5, 34),
(497, 44, 28, 47),
(498, 45, 125, 3),
(499, 45, 30, 47),
(500, 45, 122, 1),
(501, 45, 123, 13),
(502, 45, 38, 40),
(503, 45, 33, 32),
(504, 45, 129, 26),
(505, 45, 59, 2),
(506, 45, 110, 17),
(507, 46, 56, 20),
(508, 46, 145, 48),
(509, 46, 28, 7),
(510, 46, 78, 10),
(511, 46, 130, 33),
(512, 46, 21, 9),
(513, 46, 70, 9),
(514, 46, 59, 19),
(515, 46, 151, 19),
(516, 46, 21, 9),
(517, 46, 98, 46),
(518, 46, 61, 13),
(519, 46, 116, 44),
(520, 47, 121, 29),
(521, 47, 152, 19),
(522, 47, 146, 17),
(523, 47, 44, 44),
(524, 47, 81, 21),
(525, 47, 57, 35),
(526, 47, 34, 1),
(527, 47, 133, 20),
(528, 47, 70, 1),
(529, 47, 121, 41),
(530, 47, 151, 7),
(531, 47, 151, 6),
(532, 47, 118, 43),
(533, 48, 157, 29),
(534, 48, 60, 29),
(535, 48, 52, 47),
(536, 48, 84, 35),
(537, 48, 135, 43),
(538, 48, 155, 35),
(539, 48, 56, 19),
(540, 48, 8, 2),
(541, 48, 93, 3),
(542, 48, 139, 49),
(543, 48, 79, 44),
(544, 49, 47, 41),
(545, 49, 134, 12),
(546, 49, 147, 28),
(547, 49, 12, 20),
(548, 49, 86, 33),
(549, 49, 124, 6),
(550, 49, 156, 35),
(551, 49, 102, 33),
(552, 49, 86, 24),
(553, 49, 100, 12),
(554, 49, 132, 50),
(555, 49, 45, 43),
(556, 49, 90, 17),
(557, 49, 116, 26),
(558, 49, 132, 30),
(559, 50, 18, 20),
(560, 50, 9, 17),
(561, 50, 49, 31),
(562, 50, 66, 35),
(563, 50, 24, 3),
(564, 50, 75, 13),
(565, 51, 26, 45),
(566, 51, 109, 35),
(567, 52, 47, 46),
(568, 52, 30, 14),
(569, 52, 32, 2),
(570, 52, 133, 27),
(571, 52, 122, 17),
(572, 52, 56, 18),
(573, 52, 91, 23),
(574, 52, 119, 31),
(575, 53, 6, 12),
(576, 53, 31, 37),
(577, 53, 61, 12),
(578, 53, 32, 32),
(579, 53, 41, 18),
(580, 53, 85, 47),
(581, 53, 8, 45),
(582, 53, 34, 49),
(583, 53, 12, 24),
(584, 53, 26, 6),
(585, 53, 49, 35),
(586, 53, 140, 32),
(587, 53, 5, 11),
(588, 53, 32, 25),
(589, 53, 152, 41),
(590, 53, 44, 49),
(591, 54, 74, 36),
(592, 54, 68, 35),
(593, 55, 10, 48),
(594, 55, 42, 30),
(595, 55, 140, 16),
(596, 55, 77, 4),
(597, 55, 43, 28),
(598, 55, 89, 22),
(599, 55, 106, 43),
(600, 55, 18, 26),
(601, 55, 79, 8),
(602, 55, 117, 35),
(603, 55, 101, 34),
(604, 55, 81, 45),
(605, 55, 104, 28),
(606, 55, 56, 18),
(607, 55, 155, 2),
(608, 55, 41, 2),
(609, 55, 158, 26),
(610, 55, 98, 43),
(611, 55, 131, 5),
(612, 56, 13, 32),
(613, 56, 76, 26),
(614, 56, 46, 16),
(615, 56, 99, 40),
(616, 56, 130, 38),
(617, 56, 85, 25),
(618, 56, 61, 10),
(619, 56, 159, 14),
(620, 56, 134, 27),
(621, 56, 100, 9),
(622, 56, 79, 33),
(623, 56, 69, 26),
(624, 56, 102, 47),
(625, 56, 20, 24),
(626, 56, 121, 11),
(627, 56, 64, 42),
(628, 56, 134, 44),
(629, 56, 54, 6),
(630, 56, 30, 48),
(631, 57, 114, 22),
(632, 57, 77, 5),
(633, 57, 100, 24),
(634, 57, 57, 23),
(635, 57, 160, 49),
(636, 57, 101, 24),
(637, 57, 100, 3),
(638, 57, 160, 13),
(639, 57, 159, 6),
(640, 57, 118, 37),
(641, 57, 50, 7),
(642, 57, 91, 7),
(643, 57, 159, 45),
(644, 57, 40, 9),
(645, 57, 137, 8),
(646, 57, 26, 28),
(647, 57, 95, 32),
(648, 57, 102, 11),
(649, 57, 16, 49),
(650, 57, 106, 5),
(651, 58, 45, 28),
(652, 58, 91, 17),
(653, 58, 89, 41),
(654, 58, 51, 33),
(655, 58, 88, 3),
(656, 58, 155, 34),
(657, 58, 99, 5),
(658, 58, 106, 26),
(659, 58, 56, 42),
(660, 58, 57, 25),
(661, 58, 158, 46),
(662, 58, 14, 31),
(663, 58, 86, 15),
(664, 58, 114, 26),
(665, 58, 152, 40),
(666, 58, 73, 11),
(667, 58, 56, 1),
(668, 58, 88, 45),
(669, 58, 134, 43),
(670, 59, 60, 46),
(671, 59, 81, 2),
(672, 59, 83, 30),
(673, 59, 111, 2),
(674, 59, 152, 26),
(675, 59, 61, 22),
(676, 59, 79, 14),
(677, 59, 84, 5),
(678, 59, 130, 41),
(679, 59, 130, 16),
(680, 59, 121, 30),
(681, 59, 124, 49),
(682, 60, 126, 26),
(683, 60, 133, 31),
(684, 60, 58, 19),
(685, 60, 158, 13),
(686, 60, 140, 1),
(687, 60, 125, 24),
(688, 60, 113, 40),
(689, 60, 66, 11),
(690, 60, 28, 43),
(691, 60, 112, 23),
(692, 60, 59, 40),
(693, 60, 41, 9),
(694, 60, 96, 29),
(695, 60, 148, 10),
(696, 60, 54, 45),
(697, 60, 19, 6),
(698, 60, 62, 47),
(699, 60, 117, 38),
(700, 60, 48, 35),
(701, 61, 27, 36),
(702, 61, 125, 32),
(703, 62, 92, 2),
(704, 62, 99, 37),
(705, 62, 141, 16),
(706, 62, 29, 12),
(707, 62, 16, 22),
(708, 62, 67, 35),
(709, 62, 161, 17),
(710, 62, 141, 17),
(711, 62, 34, 50),
(712, 63, 96, 46),
(713, 63, 27, 17),
(714, 63, 35, 44),
(715, 63, 55, 19),
(716, 63, 92, 6),
(717, 63, 1, 49),
(718, 63, 110, 2),
(719, 63, 94, 21),
(720, 63, 147, 45),
(721, 63, 97, 8),
(722, 64, 5, 28),
(723, 64, 110, 2),
(724, 64, 144, 28),
(725, 64, 57, 5),
(726, 64, 88, 40),
(727, 64, 112, 24),
(728, 64, 155, 2),
(729, 64, 110, 42),
(730, 64, 60, 3),
(731, 64, 64, 25),
(732, 64, 10, 19),
(733, 64, 28, 5),
(734, 64, 154, 30),
(735, 64, 2, 43),
(736, 64, 30, 8),
(737, 64, 134, 11),
(738, 64, 116, 26),
(739, 64, 38, 31),
(740, 64, 11, 30),
(741, 64, 114, 31),
(742, 65, 65, 4),
(743, 65, 56, 22),
(744, 65, 122, 9),
(745, 65, 130, 41),
(746, 65, 92, 15),
(747, 65, 141, 47),
(748, 65, 75, 49),
(749, 65, 143, 3),
(750, 65, 157, 37),
(751, 66, 21, 28),
(752, 66, 71, 43),
(753, 66, 11, 34),
(754, 66, 73, 7),
(755, 66, 43, 8),
(756, 66, 120, 33),
(757, 67, 132, 50),
(758, 67, 160, 29),
(759, 67, 27, 40),
(760, 67, 61, 37),
(761, 67, 14, 13),
(762, 67, 108, 28),
(763, 67, 35, 28),
(764, 67, 96, 10),
(765, 67, 45, 42),
(766, 67, 52, 42),
(767, 67, 43, 9),
(768, 67, 145, 47),
(769, 68, 5, 11),
(770, 68, 125, 39),
(771, 68, 137, 17),
(772, 68, 95, 43),
(773, 68, 52, 8),
(774, 68, 2, 6),
(775, 68, 87, 38),
(776, 68, 32, 40),
(777, 68, 67, 38),
(778, 68, 161, 49),
(779, 68, 54, 10),
(780, 68, 39, 8),
(781, 68, 81, 4),
(782, 69, 107, 49),
(783, 69, 57, 14),
(784, 69, 1, 28),
(785, 69, 8, 39),
(786, 69, 66, 19),
(787, 69, 60, 13),
(788, 69, 113, 27),
(789, 69, 43, 41),
(790, 69, 10, 1),
(791, 70, 136, 21),
(792, 70, 121, 42),
(793, 71, 14, 1),
(794, 71, 101, 12),
(795, 71, 84, 35),
(796, 71, 106, 9),
(797, 71, 109, 1),
(798, 71, 74, 34),
(799, 71, 92, 26),
(800, 71, 74, 49),
(801, 71, 143, 42),
(802, 72, 94, 18),
(803, 72, 78, 20),
(804, 72, 66, 25),
(805, 72, 64, 13),
(806, 72, 146, 8),
(807, 72, 15, 15),
(808, 73, 18, 46),
(809, 73, 75, 32),
(810, 73, 98, 7),
(811, 73, 130, 14),
(812, 73, 22, 13),
(813, 73, 154, 35),
(814, 74, 66, 34),
(815, 74, 104, 12),
(816, 74, 144, 12),
(817, 74, 94, 19),
(818, 74, 98, 50),
(819, 74, 139, 50),
(820, 74, 39, 39),
(821, 74, 23, 17),
(822, 74, 8, 19),
(823, 74, 71, 48),
(824, 74, 134, 3),
(825, 74, 91, 48),
(826, 74, 139, 42),
(827, 74, 15, 6),
(828, 74, 127, 40),
(829, 74, 142, 10),
(830, 75, 85, 22),
(831, 75, 56, 38),
(832, 75, 1, 36),
(833, 75, 57, 50),
(834, 75, 93, 18),
(835, 75, 37, 17),
(836, 75, 79, 28),
(837, 75, 63, 43),
(838, 75, 161, 18),
(839, 75, 111, 3),
(840, 76, 104, 46),
(841, 76, 120, 37),
(842, 76, 6, 27),
(843, 76, 84, 46),
(844, 76, 117, 49),
(845, 76, 70, 8),
(846, 76, 51, 9),
(847, 76, 24, 2),
(848, 76, 85, 7),
(849, 76, 97, 44),
(850, 76, 59, 47),
(851, 76, 60, 47),
(852, 76, 53, 12),
(853, 76, 148, 34),
(854, 76, 147, 49),
(855, 76, 92, 28),
(856, 76, 143, 16),
(857, 76, 46, 46),
(858, 76, 136, 41),
(859, 77, 91, 39),
(860, 77, 43, 36),
(861, 77, 14, 23),
(862, 77, 138, 6),
(863, 77, 157, 50),
(864, 77, 116, 43),
(865, 77, 57, 33),
(866, 77, 35, 14),
(867, 77, 158, 22),
(868, 77, 31, 33),
(869, 77, 57, 8),
(870, 77, 35, 46),
(871, 77, 7, 27),
(872, 77, 31, 49),
(873, 77, 60, 50),
(874, 77, 128, 47),
(875, 77, 124, 3),
(876, 78, 138, 25),
(877, 78, 80, 49),
(878, 78, 76, 25),
(879, 78, 110, 16),
(880, 78, 135, 17),
(881, 78, 86, 6),
(882, 78, 51, 49),
(883, 78, 49, 48),
(884, 78, 52, 24),
(885, 78, 28, 12),
(886, 78, 82, 36),
(887, 78, 67, 24),
(888, 78, 12, 21),
(889, 78, 42, 50),
(890, 79, 51, 32),
(891, 79, 4, 41),
(892, 79, 22, 50),
(893, 79, 46, 31),
(894, 79, 108, 30),
(895, 80, 1, 7),
(896, 80, 92, 16),
(897, 80, 15, 44),
(898, 80, 45, 21),
(899, 80, 54, 23),
(900, 80, 102, 42),
(901, 80, 25, 3),
(902, 80, 49, 11),
(903, 80, 73, 28),
(904, 80, 36, 31),
(905, 81, 138, 32),
(906, 81, 110, 50),
(907, 81, 101, 48),
(908, 81, 98, 15),
(909, 81, 90, 4),
(910, 81, 48, 35),
(911, 81, 102, 31),
(912, 81, 125, 25),
(913, 81, 144, 10),
(914, 81, 134, 18),
(915, 81, 132, 34),
(916, 81, 80, 43),
(917, 81, 155, 36),
(918, 81, 50, 26),
(919, 81, 150, 47),
(920, 81, 62, 40),
(921, 81, 91, 4),
(922, 81, 126, 10),
(923, 82, 63, 24),
(924, 82, 94, 23),
(925, 83, 42, 4),
(926, 83, 63, 2),
(927, 83, 93, 15),
(928, 83, 35, 21),
(929, 83, 101, 2),
(930, 83, 12, 6),
(931, 83, 144, 2),
(932, 83, 135, 10),
(933, 83, 89, 39),
(934, 83, 20, 47),
(935, 83, 89, 34),
(936, 83, 161, 17),
(937, 83, 139, 1),
(938, 83, 116, 17),
(939, 83, 97, 9),
(940, 83, 18, 43),
(941, 84, 80, 45),
(942, 84, 132, 39),
(943, 84, 18, 12),
(944, 84, 65, 7),
(945, 84, 48, 27),
(946, 84, 5, 17),
(947, 85, 36, 44),
(948, 85, 20, 18),
(949, 85, 130, 34),
(950, 85, 3, 40),
(951, 85, 1, 44),
(952, 85, 132, 36),
(953, 85, 35, 21),
(954, 85, 143, 16),
(955, 86, 21, 41),
(956, 86, 26, 48),
(957, 86, 96, 14),
(958, 86, 27, 50),
(959, 86, 65, 23),
(960, 86, 84, 22),
(961, 86, 126, 44),
(962, 87, 105, 50),
(963, 87, 160, 23),
(964, 87, 107, 1),
(965, 87, 41, 34),
(966, 87, 143, 4),
(967, 87, 62, 6),
(968, 87, 78, 14),
(969, 87, 68, 38),
(970, 87, 63, 12),
(971, 87, 147, 17),
(972, 87, 133, 9),
(973, 87, 81, 42),
(974, 87, 92, 48),
(975, 87, 55, 50),
(976, 88, 34, 33),
(977, 88, 63, 10),
(978, 88, 104, 43),
(979, 88, 139, 33),
(980, 88, 16, 27),
(981, 88, 87, 9),
(982, 88, 146, 32),
(983, 88, 105, 9),
(984, 88, 10, 20),
(985, 88, 90, 15),
(986, 88, 50, 45),
(987, 88, 19, 24),
(988, 88, 63, 47),
(989, 88, 8, 18),
(990, 88, 45, 3),
(991, 88, 14, 25),
(992, 89, 77, 35),
(993, 89, 54, 16),
(994, 89, 88, 50),
(995, 89, 67, 4),
(996, 89, 84, 30),
(997, 89, 157, 8),
(998, 89, 37, 7),
(999, 89, 36, 32),
(1000, 89, 112, 26),
(1001, 89, 151, 29),
(1002, 89, 101, 21),
(1003, 89, 156, 29),
(1004, 89, 74, 16),
(1005, 89, 136, 26),
(1006, 89, 63, 17),
(1007, 90, 139, 1),
(1008, 90, 86, 9),
(1009, 90, 89, 26),
(1010, 90, 96, 31),
(1011, 90, 6, 9),
(1012, 91, 32, 21),
(1013, 91, 116, 21),
(1014, 91, 5, 21),
(1015, 91, 149, 49),
(1016, 91, 160, 28),
(1017, 91, 60, 48),
(1018, 91, 19, 42),
(1019, 91, 42, 48),
(1020, 91, 53, 33),
(1021, 91, 45, 27),
(1022, 91, 82, 14),
(1023, 91, 9, 35),
(1024, 91, 134, 29),
(1025, 92, 71, 31),
(1026, 92, 74, 2),
(1027, 92, 129, 43),
(1028, 92, 120, 11),
(1029, 92, 143, 8),
(1030, 92, 22, 43),
(1031, 92, 23, 35),
(1032, 93, 15, 40),
(1033, 93, 7, 18),
(1034, 93, 121, 19),
(1035, 93, 161, 2),
(1036, 93, 144, 26),
(1037, 93, 49, 48),
(1038, 94, 21, 26),
(1039, 94, 77, 29),
(1040, 94, 18, 47),
(1041, 94, 96, 46),
(1042, 94, 127, 17),
(1043, 95, 109, 25),
(1044, 95, 41, 27),
(1045, 95, 100, 47),
(1046, 95, 120, 36),
(1047, 96, 126, 4),
(1048, 96, 77, 8),
(1049, 96, 10, 25),
(1050, 96, 7, 29),
(1051, 96, 129, 50),
(1052, 96, 123, 47),
(1053, 96, 80, 12),
(1054, 96, 80, 31),
(1055, 96, 28, 5),
(1056, 96, 82, 48),
(1057, 96, 67, 32),
(1058, 96, 102, 45),
(1059, 96, 142, 8),
(1060, 96, 83, 41),
(1061, 96, 145, 12),
(1062, 97, 110, 15),
(1063, 97, 2, 42),
(1064, 97, 57, 26),
(1065, 97, 141, 46),
(1066, 97, 50, 43),
(1067, 97, 110, 12),
(1068, 97, 56, 46),
(1069, 97, 117, 48),
(1070, 97, 15, 41),
(1071, 97, 74, 3),
(1072, 97, 35, 5),
(1073, 97, 110, 6),
(1074, 98, 135, 32),
(1075, 98, 124, 37),
(1076, 98, 138, 16),
(1077, 98, 67, 8),
(1078, 98, 52, 13),
(1079, 98, 79, 42),
(1080, 98, 18, 21),
(1081, 98, 22, 49),
(1082, 98, 14, 19),
(1083, 98, 50, 1),
(1084, 98, 14, 13),
(1085, 98, 16, 45),
(1086, 98, 115, 8),
(1087, 98, 17, 40),
(1088, 98, 133, 11),
(1089, 98, 121, 33),
(1090, 98, 136, 26),
(1091, 98, 64, 35),
(1092, 98, 133, 41),
(1093, 98, 135, 8),
(1094, 99, 53, 49),
(1095, 99, 25, 37),
(1096, 100, 20, 42),
(1097, 100, 74, 22),
(1098, 100, 133, 27),
(1099, 101, 148, 22),
(1100, 101, 64, 4),
(1101, 101, 85, 10),
(1102, 101, 142, 38),
(1103, 101, 151, 27),
(1104, 101, 94, 23),
(1105, 101, 150, 14),
(1106, 101, 46, 37),
(1107, 101, 19, 22),
(1108, 101, 126, 23),
(1109, 101, 63, 47),
(1110, 101, 28, 25),
(1111, 101, 9, 50),
(1112, 101, 152, 24),
(1113, 102, 78, 9),
(1114, 102, 119, 46),
(1115, 102, 90, 40),
(1116, 102, 70, 38),
(1117, 102, 110, 9),
(1118, 102, 110, 11),
(1119, 102, 122, 7),
(1120, 102, 25, 2),
(1121, 102, 67, 45),
(1122, 102, 24, 42),
(1123, 102, 107, 30),
(1124, 102, 36, 30),
(1125, 102, 122, 36),
(1126, 102, 105, 38),
(1127, 102, 105, 7),
(1128, 102, 92, 7),
(1129, 102, 47, 16),
(1130, 103, 136, 6),
(1131, 103, 76, 30),
(1132, 104, 43, 1),
(1133, 104, 64, 20),
(1134, 104, 26, 22),
(1135, 104, 131, 3),
(1136, 104, 92, 33),
(1137, 104, 114, 8),
(1138, 104, 140, 16),
(1139, 104, 147, 29),
(1140, 104, 153, 34),
(1141, 104, 36, 4),
(1142, 104, 38, 18),
(1143, 104, 59, 27),
(1144, 104, 63, 11),
(1145, 104, 104, 43),
(1146, 105, 70, 25),
(1147, 105, 10, 22),
(1148, 105, 145, 23),
(1149, 105, 97, 17),
(1150, 105, 43, 32),
(1151, 105, 144, 46),
(1152, 105, 56, 3),
(1153, 105, 124, 33),
(1154, 105, 154, 18),
(1155, 105, 97, 31),
(1156, 105, 91, 34),
(1157, 105, 136, 46),
(1158, 105, 7, 20),
(1159, 105, 49, 13),
(1160, 105, 5, 9),
(1161, 105, 8, 24),
(1162, 105, 107, 6),
(1163, 106, 90, 28),
(1164, 106, 80, 44),
(1165, 106, 132, 7),
(1166, 106, 124, 36),
(1167, 106, 78, 41),
(1168, 106, 79, 7),
(1169, 106, 123, 42),
(1170, 106, 117, 19),
(1171, 106, 63, 20),
(1172, 106, 36, 16),
(1173, 106, 71, 31),
(1174, 106, 98, 35),
(1175, 106, 102, 39),
(1176, 106, 118, 5),
(1177, 106, 70, 42),
(1178, 106, 160, 50),
(1179, 106, 62, 25),
(1180, 106, 139, 10),
(1181, 106, 100, 32),
(1182, 107, 17, 22),
(1183, 107, 66, 12),
(1184, 107, 33, 12),
(1185, 107, 154, 29),
(1186, 107, 101, 18),
(1187, 107, 129, 47),
(1188, 107, 128, 20),
(1189, 107, 87, 24),
(1190, 107, 5, 16),
(1191, 107, 34, 6),
(1192, 107, 118, 3),
(1193, 107, 17, 36),
(1194, 107, 69, 30),
(1195, 107, 94, 32),
(1196, 107, 34, 11),
(1197, 107, 88, 16),
(1198, 107, 105, 48),
(1199, 107, 87, 43),
(1200, 107, 29, 25),
(1201, 108, 129, 43),
(1202, 108, 37, 37),
(1203, 108, 103, 32),
(1204, 108, 43, 6),
(1205, 108, 106, 29),
(1206, 108, 52, 39),
(1207, 108, 48, 19),
(1208, 108, 141, 1),
(1209, 108, 127, 24),
(1210, 108, 96, 21),
(1211, 109, 130, 48),
(1212, 109, 158, 23),
(1213, 109, 145, 26),
(1214, 109, 50, 4),
(1215, 109, 3, 37),
(1216, 109, 141, 43),
(1217, 109, 156, 31),
(1218, 109, 80, 30),
(1219, 109, 139, 31),
(1220, 109, 40, 22),
(1221, 109, 150, 1),
(1222, 109, 117, 15),
(1223, 109, 143, 37),
(1224, 109, 13, 18),
(1225, 110, 80, 1),
(1226, 110, 22, 23),
(1227, 110, 161, 30),
(1228, 110, 56, 26),
(1229, 110, 144, 21),
(1230, 110, 86, 32),
(1231, 110, 48, 20),
(1232, 110, 96, 45),
(1233, 111, 30, 38),
(1234, 111, 80, 22),
(1235, 111, 30, 22),
(1236, 111, 72, 46),
(1237, 111, 116, 17),
(1238, 111, 105, 40),
(1239, 111, 110, 49),
(1240, 111, 47, 35),
(1241, 111, 19, 37),
(1242, 111, 112, 36),
(1243, 111, 13, 11),
(1244, 111, 97, 25),
(1245, 111, 119, 12),
(1246, 111, 128, 7),
(1247, 111, 133, 35),
(1248, 111, 3, 1),
(1249, 111, 72, 26),
(1250, 111, 70, 32),
(1251, 112, 142, 27),
(1252, 112, 106, 11),
(1253, 112, 30, 23),
(1254, 112, 144, 9),
(1255, 112, 120, 30),
(1256, 112, 45, 24),
(1257, 112, 46, 50),
(1258, 112, 90, 25),
(1259, 112, 94, 3),
(1260, 112, 37, 41),
(1261, 112, 137, 18),
(1262, 112, 102, 27),
(1263, 112, 60, 32),
(1264, 112, 158, 45),
(1265, 112, 11, 31),
(1266, 112, 132, 48),
(1267, 112, 24, 24),
(1268, 112, 26, 17),
(1269, 112, 148, 3),
(1270, 113, 106, 32),
(1271, 113, 125, 7),
(1272, 113, 148, 38),
(1273, 113, 112, 21),
(1274, 113, 55, 38),
(1275, 113, 103, 8),
(1276, 113, 96, 50),
(1277, 113, 126, 7),
(1278, 113, 60, 21),
(1279, 113, 18, 13),
(1280, 113, 78, 36),
(1281, 114, 69, 44),
(1282, 114, 86, 30),
(1283, 114, 33, 23),
(1284, 115, 113, 6),
(1285, 115, 44, 24),
(1286, 115, 39, 10),
(1287, 115, 38, 47),
(1288, 115, 97, 29),
(1289, 115, 109, 12),
(1290, 115, 116, 14),
(1291, 115, 39, 25),
(1292, 115, 63, 31),
(1293, 115, 146, 25),
(1294, 115, 138, 20),
(1295, 115, 36, 46),
(1296, 115, 131, 5),
(1297, 115, 72, 20),
(1298, 116, 144, 2),
(1299, 116, 159, 50),
(1300, 116, 49, 23),
(1301, 116, 38, 25),
(1302, 116, 110, 8),
(1303, 116, 16, 13),
(1304, 116, 134, 17),
(1305, 117, 16, 29),
(1306, 117, 76, 25),
(1307, 117, 29, 19),
(1308, 117, 159, 2),
(1309, 117, 122, 11),
(1310, 117, 152, 29),
(1311, 117, 47, 20),
(1312, 117, 155, 29),
(1313, 117, 45, 50),
(1314, 117, 90, 14),
(1315, 117, 48, 1),
(1316, 117, 82, 40),
(1317, 117, 112, 34),
(1318, 117, 142, 48),
(1319, 117, 80, 11),
(1320, 117, 148, 30),
(1321, 117, 126, 20),
(1322, 117, 13, 48),
(1323, 117, 122, 4),
(1324, 117, 159, 26),
(1325, 118, 150, 4),
(1326, 118, 91, 16),
(1327, 118, 7, 7),
(1328, 118, 96, 2),
(1329, 118, 112, 44),
(1330, 118, 53, 35),
(1331, 118, 60, 6),
(1332, 119, 6, 50),
(1333, 119, 55, 27),
(1334, 119, 33, 13),
(1335, 119, 20, 50),
(1336, 119, 103, 11),
(1337, 119, 152, 20),
(1338, 119, 43, 47),
(1339, 119, 146, 27),
(1340, 119, 138, 50),
(1341, 120, 28, 2),
(1342, 120, 37, 39),
(1343, 120, 9, 46),
(1344, 121, 61, 31),
(1345, 121, 1, 25),
(1346, 121, 2, 2),
(1347, 121, 77, 18),
(1348, 121, 92, 34),
(1349, 121, 97, 35),
(1350, 121, 106, 12),
(1351, 121, 144, 30),
(1352, 121, 102, 9),
(1353, 121, 84, 27),
(1354, 121, 113, 19),
(1355, 121, 83, 40),
(1356, 121, 88, 27),
(1357, 122, 50, 30),
(1358, 122, 152, 47),
(1359, 123, 90, 47),
(1360, 123, 73, 29),
(1361, 123, 157, 47),
(1362, 123, 148, 28),
(1363, 123, 97, 26),
(1364, 123, 38, 13),
(1365, 123, 122, 7),
(1366, 123, 138, 20),
(1367, 123, 47, 19),
(1368, 123, 148, 50),
(1369, 123, 121, 22),
(1370, 123, 126, 15),
(1371, 123, 155, 40),
(1372, 123, 96, 28),
(1373, 123, 119, 27),
(1374, 123, 82, 15),
(1375, 123, 75, 48),
(1376, 123, 140, 22),
(1377, 123, 142, 40),
(1378, 123, 158, 24),
(1379, 124, 35, 37),
(1380, 124, 9, 18),
(1381, 124, 94, 22),
(1382, 124, 102, 48),
(1383, 124, 57, 31),
(1384, 124, 114, 39),
(1385, 124, 64, 50),
(1386, 125, 31, 30),
(1387, 125, 46, 47),
(1388, 125, 19, 40),
(1389, 125, 37, 29),
(1390, 125, 121, 5),
(1391, 125, 3, 32),
(1392, 125, 141, 50),
(1393, 125, 18, 9),
(1394, 125, 34, 42),
(1395, 125, 38, 28),
(1396, 125, 68, 34),
(1397, 125, 30, 19),
(1398, 125, 4, 40),
(1399, 125, 13, 40),
(1400, 125, 31, 4),
(1401, 126, 62, 33),
(1402, 126, 131, 16),
(1403, 126, 124, 31),
(1404, 126, 87, 18),
(1405, 126, 57, 32),
(1406, 126, 58, 49),
(1407, 126, 82, 18),
(1408, 126, 14, 35),
(1409, 126, 91, 47),
(1410, 126, 148, 6),
(1411, 126, 56, 30),
(1412, 126, 47, 37),
(1413, 127, 15, 41),
(1414, 127, 64, 15),
(1415, 127, 141, 47),
(1416, 127, 108, 27),
(1417, 127, 119, 49),
(1418, 127, 48, 17),
(1419, 127, 84, 33),
(1420, 127, 112, 8),
(1421, 127, 1, 34),
(1422, 127, 106, 18),
(1423, 127, 122, 18),
(1424, 127, 148, 34),
(1425, 127, 42, 2),
(1426, 128, 135, 16),
(1427, 128, 119, 22),
(1428, 129, 87, 42),
(1429, 129, 110, 21),
(1430, 129, 123, 18),
(1431, 129, 152, 25),
(1432, 129, 53, 12),
(1433, 129, 135, 43),
(1434, 129, 142, 27),
(1435, 129, 161, 45),
(1436, 129, 32, 33),
(1437, 130, 153, 50),
(1438, 130, 25, 32),
(1439, 130, 41, 9),
(1440, 130, 104, 5),
(1441, 130, 79, 19),
(1442, 130, 85, 45),
(1443, 131, 58, 29),
(1444, 131, 54, 6),
(1445, 131, 148, 14),
(1446, 131, 99, 12),
(1447, 131, 82, 23),
(1448, 131, 14, 20),
(1449, 131, 157, 4),
(1450, 131, 44, 9),
(1451, 131, 118, 26),
(1452, 131, 19, 37),
(1453, 131, 107, 37),
(1454, 131, 157, 42),
(1455, 131, 62, 4),
(1456, 131, 52, 38),
(1457, 131, 95, 11),
(1458, 131, 110, 47),
(1459, 131, 124, 1),
(1460, 131, 9, 35),
(1461, 131, 45, 34),
(1462, 132, 127, 6),
(1463, 132, 1, 9),
(1464, 132, 15, 5),
(1465, 132, 72, 13),
(1466, 132, 131, 48),
(1467, 132, 61, 27),
(1468, 132, 99, 6),
(1469, 132, 83, 23),
(1470, 132, 80, 29),
(1471, 132, 122, 13),
(1472, 132, 26, 49),
(1473, 132, 150, 5),
(1474, 132, 118, 47),
(1475, 132, 25, 21),
(1476, 132, 35, 41),
(1477, 132, 54, 50),
(1478, 132, 150, 17),
(1479, 132, 28, 1),
(1480, 132, 68, 31),
(1481, 133, 38, 29),
(1482, 133, 105, 39),
(1483, 133, 28, 38),
(1484, 133, 46, 31),
(1485, 133, 41, 43),
(1486, 133, 60, 26),
(1487, 133, 3, 17),
(1488, 134, 18, 3),
(1489, 134, 59, 14),
(1490, 134, 77, 29),
(1491, 134, 13, 41),
(1492, 134, 92, 1),
(1493, 134, 24, 37),
(1494, 134, 5, 29),
(1495, 134, 57, 16),
(1496, 134, 129, 46),
(1497, 134, 153, 29),
(1498, 135, 115, 43),
(1499, 135, 112, 48),
(1500, 135, 115, 4),
(1501, 136, 117, 20),
(1502, 136, 143, 42),
(1503, 136, 73, 13),
(1504, 136, 16, 47),
(1505, 136, 133, 9),
(1506, 136, 118, 20),
(1507, 136, 31, 44),
(1508, 136, 21, 11),
(1509, 136, 72, 24),
(1510, 136, 83, 13),
(1511, 137, 75, 41),
(1512, 137, 77, 9),
(1513, 137, 108, 9),
(1514, 137, 22, 20),
(1515, 137, 38, 30),
(1516, 137, 18, 32),
(1517, 137, 77, 48),
(1518, 137, 14, 37),
(1519, 137, 7, 1),
(1520, 138, 36, 37),
(1521, 138, 151, 21),
(1522, 138, 100, 4),
(1523, 138, 101, 4),
(1524, 138, 88, 7),
(1525, 138, 49, 47),
(1526, 138, 97, 6),
(1527, 138, 67, 39),
(1528, 138, 127, 30),
(1529, 138, 146, 9),
(1530, 138, 133, 25),
(1531, 138, 45, 23),
(1532, 139, 36, 27),
(1533, 139, 113, 14),
(1534, 139, 87, 13),
(1535, 139, 79, 14),
(1536, 139, 29, 45),
(1537, 139, 144, 13),
(1538, 139, 83, 48),
(1539, 139, 127, 33),
(1540, 139, 42, 37),
(1541, 139, 41, 19),
(1542, 139, 23, 2),
(1543, 139, 27, 37),
(1544, 139, 150, 17),
(1545, 139, 88, 22),
(1546, 139, 98, 50),
(1547, 139, 65, 42),
(1548, 139, 85, 5),
(1549, 139, 15, 4),
(1550, 139, 55, 29),
(1551, 139, 55, 26),
(1552, 140, 38, 38),
(1553, 140, 159, 10),
(1554, 140, 89, 32),
(1555, 140, 72, 14),
(1556, 140, 143, 41),
(1557, 140, 66, 46),
(1558, 140, 158, 7),
(1559, 140, 136, 16),
(1560, 140, 109, 14),
(1561, 140, 148, 34),
(1562, 141, 121, 10),
(1563, 141, 123, 42),
(1564, 141, 42, 5),
(1565, 141, 67, 30),
(1566, 141, 99, 45),
(1567, 141, 134, 19),
(1568, 141, 141, 1),
(1569, 141, 149, 26),
(1570, 141, 74, 10),
(1571, 141, 64, 14),
(1572, 141, 97, 16),
(1573, 141, 41, 37),
(1574, 141, 24, 29),
(1575, 141, 65, 21),
(1576, 142, 12, 4),
(1577, 142, 37, 14),
(1578, 142, 135, 4),
(1579, 142, 84, 47),
(1580, 142, 78, 6),
(1581, 142, 88, 19),
(1582, 142, 153, 46),
(1583, 142, 39, 49),
(1584, 142, 136, 38),
(1585, 142, 68, 2),
(1586, 142, 23, 35),
(1587, 143, 73, 48),
(1588, 143, 58, 30),
(1589, 143, 83, 39),
(1590, 143, 2, 50),
(1591, 143, 134, 5),
(1592, 143, 37, 5),
(1593, 143, 149, 15),
(1594, 143, 99, 43),
(1595, 143, 126, 37),
(1596, 143, 64, 8),
(1597, 143, 108, 16),
(1598, 143, 63, 32),
(1599, 143, 25, 7),
(1600, 144, 30, 14),
(1601, 144, 121, 41),
(1602, 145, 113, 9),
(1603, 145, 53, 11),
(1604, 145, 151, 17),
(1605, 145, 35, 39),
(1606, 145, 68, 23),
(1607, 145, 138, 18),
(1608, 145, 119, 24),
(1609, 145, 32, 26),
(1610, 145, 31, 30),
(1611, 145, 107, 43),
(1612, 145, 146, 3),
(1613, 145, 80, 4),
(1614, 145, 31, 28),
(1615, 145, 40, 24),
(1616, 145, 47, 4),
(1617, 146, 38, 26),
(1618, 146, 33, 9),
(1619, 146, 137, 21),
(1620, 146, 150, 14),
(1621, 146, 138, 40),
(1622, 146, 99, 30),
(1623, 146, 40, 41),
(1624, 146, 18, 22),
(1625, 146, 65, 39),
(1626, 146, 48, 16),
(1627, 146, 133, 40),
(1628, 146, 60, 1),
(1629, 146, 54, 31),
(1630, 146, 77, 32),
(1631, 146, 109, 34),
(1632, 146, 99, 46),
(1633, 146, 29, 41),
(1634, 146, 13, 2),
(1635, 146, 38, 1),
(1636, 146, 49, 5),
(1637, 147, 148, 34),
(1638, 147, 7, 37),
(1639, 147, 127, 24),
(1640, 147, 20, 28),
(1641, 147, 125, 22),
(1642, 147, 61, 28),
(1643, 147, 129, 20),
(1644, 147, 144, 21),
(1645, 147, 139, 26),
(1646, 147, 15, 27),
(1647, 147, 21, 50),
(1648, 147, 113, 48),
(1649, 147, 13, 37),
(1650, 147, 28, 5),
(1651, 147, 5, 13),
(1652, 147, 143, 48),
(1653, 147, 151, 47),
(1654, 148, 117, 21),
(1655, 148, 129, 14),
(1656, 148, 29, 12),
(1657, 148, 106, 37),
(1658, 148, 4, 2),
(1659, 148, 101, 22),
(1660, 148, 145, 7),
(1661, 148, 84, 21),
(1662, 148, 43, 26),
(1663, 148, 19, 11),
(1664, 148, 96, 43),
(1665, 148, 61, 35),
(1666, 148, 142, 32),
(1667, 148, 92, 42),
(1668, 149, 80, 25),
(1669, 149, 48, 45),
(1670, 149, 47, 29),
(1671, 149, 12, 26),
(1672, 149, 36, 41),
(1673, 149, 87, 13),
(1674, 149, 70, 49),
(1675, 149, 25, 29),
(1676, 149, 79, 29),
(1677, 149, 135, 1),
(1678, 149, 111, 2),
(1679, 149, 97, 27),
(1680, 150, 46, 21),
(1681, 150, 9, 43),
(1682, 150, 38, 32),
(1683, 150, 55, 37),
(1684, 150, 149, 12),
(1685, 150, 3, 25),
(1686, 150, 49, 27),
(1687, 150, 116, 6),
(1688, 150, 11, 49),
(1689, 151, 5, 7),
(1690, 151, 17, 26),
(1691, 151, 113, 47),
(1692, 151, 84, 20),
(1693, 151, 157, 6),
(1694, 151, 148, 20),
(1695, 151, 64, 17),
(1696, 151, 72, 13),
(1697, 151, 90, 4),
(1698, 151, 94, 14),
(1699, 151, 161, 41),
(1700, 151, 48, 25),
(1701, 152, 133, 11),
(1702, 152, 35, 45),
(1703, 152, 29, 38),
(1704, 152, 148, 16),
(1705, 153, 70, 1),
(1706, 153, 128, 48),
(1707, 153, 64, 39),
(1708, 153, 11, 16),
(1709, 153, 26, 23),
(1710, 153, 103, 31),
(1711, 153, 113, 10),
(1712, 153, 110, 14),
(1713, 153, 77, 34),
(1714, 153, 15, 39),
(1715, 153, 27, 11),
(1716, 153, 96, 19),
(1717, 153, 68, 25),
(1718, 153, 89, 9),
(1719, 153, 65, 43),
(1720, 153, 4, 42),
(1721, 153, 140, 41),
(1722, 153, 126, 14),
(1723, 154, 137, 29),
(1724, 154, 119, 16),
(1725, 154, 35, 17),
(1726, 154, 1, 21),
(1727, 154, 3, 15),
(1728, 154, 143, 35),
(1729, 154, 60, 33),
(1730, 154, 137, 29),
(1731, 154, 40, 11),
(1732, 154, 160, 37),
(1733, 154, 124, 8),
(1734, 154, 20, 32),
(1735, 155, 154, 25),
(1736, 155, 160, 37),
(1737, 155, 122, 29),
(1738, 155, 94, 17),
(1739, 155, 49, 45),
(1740, 156, 104, 45),
(1741, 156, 154, 33),
(1742, 156, 28, 42),
(1743, 156, 56, 27),
(1744, 156, 79, 10),
(1745, 156, 18, 37),
(1746, 156, 67, 6),
(1747, 156, 74, 9),
(1748, 156, 42, 30),
(1749, 156, 129, 22),
(1750, 156, 87, 15),
(1751, 156, 69, 14),
(1752, 157, 161, 43),
(1753, 157, 60, 15),
(1754, 158, 148, 47),
(1755, 158, 102, 44),
(1756, 158, 97, 40),
(1757, 158, 115, 48),
(1758, 158, 55, 10),
(1759, 158, 23, 23),
(1760, 158, 151, 28),
(1761, 158, 89, 20),
(1762, 158, 118, 41),
(1763, 158, 157, 27),
(1764, 158, 39, 26),
(1765, 158, 132, 34),
(1766, 158, 127, 43),
(1767, 158, 107, 33),
(1768, 158, 37, 48),
(1769, 158, 62, 8),
(1770, 159, 2, 1),
(1771, 159, 80, 41),
(1772, 159, 117, 22),
(1773, 159, 24, 47),
(1774, 159, 93, 30),
(1775, 159, 138, 7),
(1776, 159, 24, 13),
(1777, 159, 139, 48),
(1778, 159, 37, 20),
(1779, 159, 31, 37),
(1780, 159, 34, 43),
(1781, 159, 84, 4),
(1782, 159, 84, 9),
(1783, 159, 48, 24),
(1784, 159, 88, 22),
(1785, 159, 61, 28),
(1786, 159, 73, 44),
(1787, 159, 60, 9),
(1788, 159, 50, 26),
(1789, 160, 143, 6),
(1790, 160, 153, 1),
(1791, 160, 41, 10),
(1792, 161, 33, 22),
(1793, 161, 44, 20),
(1794, 161, 26, 24),
(1795, 161, 40, 34),
(1796, 161, 88, 39),
(1797, 161, 136, 43),
(1798, 161, 38, 20),
(1799, 161, 45, 31),
(1800, 161, 153, 37),
(1801, 161, 78, 16),
(1802, 161, 144, 40),
(1803, 161, 134, 50),
(1804, 161, 110, 47),
(1805, 161, 151, 35),
(1806, 161, 31, 7),
(1807, 161, 93, 20),
(1808, 161, 89, 43),
(1809, 161, 126, 36),
(1810, 162, 4, 20),
(1811, 162, 140, 40),
(1812, 162, 37, 36),
(1813, 162, 4, 31),
(1814, 162, 159, 32),
(1815, 162, 90, 36),
(1816, 162, 19, 44),
(1817, 162, 98, 46);

-- --------------------------------------------------------

--
-- Table structure for table `transPenjualan`
--

CREATE TABLE `transPenjualan` (
  `id` int(11) NOT NULL,
  `penjualan` int(11) NOT NULL,
  `produk` int(11) NOT NULL,
  `jumlah` int(11) NOT NULL
) ENGINE=InnoDB DEFAULT CHARSET=latin1;

--
-- Dumping data for table `transPenjualan`
--

INSERT INTO `transPenjualan` (`id`, `penjualan`, `produk`, `jumlah`) VALUES
(1, 1, 95, 13),
(2, 1, 84, 6),
(3, 1, 134, 13),
(4, 1, 138, 5),
(5, 1, 33, 14),
(6, 1, 1, 19),
(7, 1, 3, 1),
(8, 1, 47, 18),
(9, 1, 131, 11),
(10, 1, 95, 17),
(11, 1, 22, 12),
(12, 1, 75, 14),
(13, 1, 46, 12),
(14, 2, 143, 10),
(15, 2, 43, 10),
(16, 2, 11, 18),
(17, 2, 160, 7),
(18, 2, 118, 13),
(19, 2, 32, 19),
(20, 2, 136, 18),
(21, 2, 153, 15),
(22, 2, 146, 20),
(23, 2, 7, 16),
(24, 2, 127, 12),
(25, 2, 61, 13),
(26, 3, 153, 2),
(27, 3, 62, 5),
(28, 3, 106, 19),
(29, 3, 19, 3),
(30, 3, 33, 12),
(31, 3, 33, 3),
(32, 3, 94, 11),
(33, 3, 134, 5),
(34, 3, 121, 16),
(35, 3, 11, 13),
(36, 3, 117, 17),
(37, 3, 88, 15),
(38, 3, 139, 7),
(39, 3, 79, 9),
(40, 3, 114, 3),
(41, 4, 106, 4),
(42, 4, 79, 18),
(43, 4, 135, 9),
(44, 4, 1, 20),
(45, 5, 96, 4),
(46, 5, 118, 4),
(47, 5, 118, 12),
(48, 5, 65, 10),
(49, 5, 55, 10),
(50, 5, 18, 2),
(51, 5, 47, 14),
(52, 5, 124, 3),
(53, 5, 158, 6),
(54, 5, 91, 14),
(55, 5, 58, 14),
(56, 5, 55, 11),
(57, 5, 25, 5),
(58, 6, 94, 5),
(59, 6, 57, 5),
(60, 6, 132, 11),
(61, 6, 152, 20),
(62, 6, 42, 11),
(63, 6, 64, 15),
(64, 6, 136, 18),
(65, 6, 137, 19),
(66, 6, 25, 10),
(67, 7, 48, 10),
(68, 7, 149, 18),
(69, 7, 26, 6),
(70, 7, 85, 10),
(71, 7, 131, 14),
(72, 7, 116, 4),
(73, 7, 43, 19),
(74, 7, 86, 10),
(75, 7, 123, 2),
(76, 7, 68, 16),
(77, 7, 52, 19),
(78, 7, 24, 2),
(79, 7, 123, 1),
(80, 7, 145, 14),
(81, 8, 65, 7),
(82, 8, 74, 18),
(83, 8, 41, 7),
(84, 8, 6, 11),
(85, 8, 136, 11),
(86, 9, 84, 5),
(87, 9, 84, 16),
(88, 9, 31, 1),
(89, 9, 42, 20),
(90, 9, 18, 14),
(91, 9, 114, 9),
(92, 9, 97, 18),
(93, 9, 79, 8),
(94, 10, 63, 1),
(95, 10, 4, 16),
(96, 10, 58, 10),
(97, 10, 107, 13),
(98, 10, 128, 14),
(99, 10, 21, 13),
(100, 10, 37, 10),
(101, 10, 25, 10),
(102, 10, 158, 19),
(103, 10, 109, 1),
(104, 10, 32, 13),
(105, 10, 23, 18),
(106, 10, 53, 12),
(107, 10, 76, 4),
(108, 10, 10, 17),
(109, 10, 7, 9),
(110, 10, 137, 2),
(111, 10, 38, 5),
(112, 11, 145, 17),
(113, 11, 55, 12),
(114, 11, 152, 20),
(115, 11, 133, 9),
(116, 11, 20, 7),
(117, 11, 63, 2),
(118, 11, 157, 9),
(119, 11, 41, 12),
(120, 11, 90, 3),
(121, 11, 150, 3),
(122, 11, 96, 3),
(123, 11, 32, 9),
(124, 12, 104, 6),
(125, 12, 35, 18),
(126, 12, 77, 16),
(127, 12, 125, 6),
(128, 13, 60, 5),
(129, 13, 11, 4),
(130, 13, 102, 4),
(131, 14, 3, 5),
(132, 14, 76, 9),
(133, 14, 79, 2),
(134, 14, 160, 13),
(135, 14, 161, 3),
(136, 14, 33, 3),
(137, 14, 52, 13),
(138, 14, 41, 20),
(139, 14, 144, 10),
(140, 14, 136, 8),
(141, 14, 36, 13),
(142, 15, 51, 20),
(143, 15, 142, 8),
(144, 15, 30, 11),
(145, 15, 91, 14),
(146, 15, 85, 17),
(147, 15, 25, 20),
(148, 15, 48, 5),
(149, 15, 154, 19),
(150, 15, 35, 2),
(151, 15, 18, 7),
(152, 15, 65, 15),
(153, 15, 92, 8),
(154, 15, 100, 1),
(155, 15, 34, 20),
(156, 16, 133, 13),
(157, 16, 92, 17),
(158, 16, 83, 19),
(159, 16, 161, 1),
(160, 16, 82, 14),
(161, 16, 88, 7),
(162, 17, 82, 13),
(163, 17, 8, 10),
(164, 17, 82, 6),
(165, 17, 88, 13),
(166, 17, 95, 19),
(167, 17, 55, 4),
(168, 17, 50, 20),
(169, 17, 31, 11),
(170, 17, 152, 9),
(171, 17, 55, 12),
(172, 17, 2, 4),
(173, 17, 14, 20),
(174, 17, 24, 3),
(175, 17, 75, 17),
(176, 17, 106, 16),
(177, 17, 105, 4),
(178, 17, 61, 14),
(179, 18, 142, 20),
(180, 18, 27, 10),
(181, 18, 88, 3),
(182, 18, 135, 14),
(183, 18, 66, 16),
(184, 18, 143, 19),
(185, 18, 119, 7),
(186, 18, 42, 7),
(187, 18, 55, 9),
(188, 18, 65, 6),
(189, 18, 90, 11),
(190, 18, 123, 8),
(191, 18, 26, 11),
(192, 19, 52, 19),
(193, 19, 116, 19),
(194, 20, 110, 3),
(195, 20, 46, 5),
(196, 20, 34, 3),
(197, 20, 149, 13),
(198, 20, 148, 17),
(199, 20, 87, 14),
(200, 20, 23, 16),
(201, 20, 156, 10),
(202, 20, 32, 8),
(203, 20, 125, 16),
(204, 20, 141, 11),
(205, 20, 21, 1),
(206, 20, 10, 3),
(207, 20, 57, 20),
(208, 20, 140, 6),
(209, 20, 121, 11),
(210, 21, 6, 16),
(211, 21, 98, 4),
(212, 21, 111, 5),
(213, 21, 11, 10),
(214, 21, 122, 15),
(215, 21, 102, 11),
(216, 21, 111, 3),
(217, 21, 120, 2),
(218, 21, 143, 10),
(219, 22, 67, 13),
(220, 22, 155, 10),
(221, 22, 124, 7),
(222, 22, 71, 13),
(223, 22, 98, 4),
(224, 22, 30, 1),
(225, 22, 37, 20),
(226, 22, 99, 8),
(227, 22, 103, 17),
(228, 22, 71, 3),
(229, 22, 95, 4),
(230, 22, 124, 3),
(231, 22, 136, 18),
(232, 22, 142, 18),
(233, 22, 123, 8),
(234, 22, 132, 4),
(235, 22, 160, 16),
(236, 22, 105, 16),
(237, 22, 14, 2),
(238, 23, 112, 6),
(239, 23, 94, 14),
(240, 23, 82, 11),
(241, 23, 49, 18),
(242, 23, 28, 3),
(243, 23, 52, 7),
(244, 23, 116, 10),
(245, 23, 13, 18),
(246, 23, 52, 20),
(247, 24, 35, 15),
(248, 24, 16, 1),
(249, 24, 145, 2),
(250, 24, 131, 11),
(251, 24, 138, 18),
(252, 24, 103, 5),
(253, 24, 95, 19),
(254, 24, 134, 6),
(255, 24, 69, 8),
(256, 24, 95, 7),
(257, 24, 87, 15),
(258, 24, 101, 17),
(259, 24, 72, 3),
(260, 24, 149, 6),
(261, 24, 70, 18),
(262, 25, 104, 12),
(263, 25, 20, 14),
(264, 26, 35, 10),
(265, 26, 6, 2),
(266, 26, 62, 14),
(267, 26, 51, 20),
(268, 26, 95, 3),
(269, 26, 42, 1),
(270, 26, 82, 17),
(271, 26, 52, 1),
(272, 26, 91, 19),
(273, 26, 144, 1),
(274, 26, 9, 17),
(275, 27, 78, 14),
(276, 27, 53, 3),
(277, 27, 45, 9),
(278, 27, 130, 16),
(279, 27, 107, 6),
(280, 27, 129, 15),
(281, 27, 110, 10),
(282, 28, 105, 2),
(283, 28, 30, 19),
(284, 29, 112, 15),
(285, 29, 64, 15),
(286, 29, 51, 7),
(287, 30, 52, 8),
(288, 30, 70, 13),
(289, 30, 141, 3),
(290, 30, 152, 1),
(291, 30, 64, 8),
(292, 30, 130, 4),
(293, 30, 9, 3),
(294, 30, 155, 16),
(295, 30, 126, 9),
(296, 30, 131, 9),
(297, 30, 80, 20),
(298, 30, 55, 12),
(299, 30, 111, 2),
(300, 31, 68, 9),
(301, 31, 49, 1),
(302, 31, 117, 14),
(303, 31, 78, 7),
(304, 31, 92, 12),
(305, 31, 46, 12),
(306, 31, 160, 14),
(307, 31, 61, 4),
(308, 31, 117, 10),
(309, 31, 19, 10),
(310, 31, 42, 11),
(311, 31, 51, 14),
(312, 31, 6, 7),
(313, 31, 5, 13),
(314, 31, 160, 3),
(315, 31, 91, 9),
(316, 31, 84, 18),
(317, 31, 75, 5),
(318, 31, 89, 19),
(319, 31, 94, 3),
(320, 32, 139, 14),
(321, 32, 86, 11),
(322, 32, 11, 14),
(323, 32, 43, 11),
(324, 32, 130, 16),
(325, 32, 129, 7),
(326, 32, 12, 10),
(327, 32, 62, 8),
(328, 32, 83, 20),
(329, 32, 60, 13),
(330, 32, 88, 16),
(331, 32, 23, 8),
(332, 33, 61, 20),
(333, 33, 31, 20),
(334, 33, 12, 15),
(335, 33, 132, 16),
(336, 33, 43, 8),
(337, 33, 132, 19),
(338, 34, 58, 16),
(339, 34, 61, 4),
(340, 34, 16, 10),
(341, 34, 103, 10),
(342, 34, 134, 3),
(343, 34, 74, 5),
(344, 34, 124, 20),
(345, 34, 159, 19),
(346, 34, 65, 5),
(347, 34, 47, 7),
(348, 34, 68, 5),
(349, 34, 68, 3),
(350, 34, 10, 4),
(351, 35, 67, 20),
(352, 35, 57, 1),
(353, 35, 57, 3),
(354, 35, 66, 11),
(355, 35, 33, 18),
(356, 35, 23, 14),
(357, 35, 112, 6),
(358, 35, 22, 18),
(359, 35, 10, 3),
(360, 36, 156, 11),
(361, 36, 18, 6),
(362, 36, 142, 11),
(363, 36, 81, 6),
(364, 36, 108, 12),
(365, 36, 76, 2),
(366, 36, 157, 10),
(367, 36, 69, 1),
(368, 36, 131, 11),
(369, 36, 67, 7),
(370, 36, 118, 6),
(371, 36, 73, 9),
(372, 36, 156, 15),
(373, 36, 87, 18),
(374, 36, 129, 14),
(375, 36, 119, 16),
(376, 36, 33, 17),
(377, 36, 3, 2),
(378, 37, 83, 8),
(379, 37, 6, 2),
(380, 37, 136, 3),
(381, 37, 8, 7),
(382, 37, 86, 1),
(383, 37, 18, 2),
(384, 37, 75, 9),
(385, 37, 128, 15),
(386, 38, 32, 14),
(387, 38, 100, 15),
(388, 38, 90, 9),
(389, 38, 67, 6),
(390, 38, 29, 13),
(391, 38, 23, 4),
(392, 38, 112, 11),
(393, 38, 115, 2),
(394, 38, 88, 16),
(395, 38, 148, 14),
(396, 38, 134, 5),
(397, 38, 30, 18),
(398, 38, 53, 5),
(399, 38, 55, 16),
(400, 38, 7, 2),
(401, 38, 102, 5),
(402, 38, 124, 5),
(403, 38, 158, 7),
(404, 39, 101, 17),
(405, 39, 1, 16),
(406, 39, 6, 14),
(407, 39, 44, 15),
(408, 39, 124, 17),
(409, 39, 85, 14),
(410, 39, 75, 8),
(411, 39, 144, 13),
(412, 39, 38, 5),
(413, 40, 92, 20),
(414, 40, 151, 13),
(415, 40, 97, 4),
(416, 40, 66, 17),
(417, 40, 25, 15),
(418, 40, 81, 11),
(419, 40, 57, 7),
(420, 40, 88, 3),
(421, 40, 60, 5),
(422, 40, 62, 3),
(423, 40, 161, 4),
(424, 40, 103, 14),
(425, 40, 106, 20),
(426, 40, 92, 6),
(427, 40, 36, 16),
(428, 40, 32, 16),
(429, 40, 123, 3),
(430, 40, 68, 8),
(431, 40, 50, 17),
(432, 41, 75, 12),
(433, 41, 114, 1),
(434, 41, 147, 1),
(435, 41, 88, 1),
(436, 41, 66, 16),
(437, 42, 84, 16),
(438, 42, 97, 4),
(439, 42, 73, 5),
(440, 42, 23, 1),
(441, 42, 89, 8),
(442, 42, 131, 15),
(443, 42, 24, 12),
(444, 42, 141, 12),
(445, 42, 151, 4),
(446, 43, 22, 13),
(447, 43, 154, 17),
(448, 43, 104, 18),
(449, 43, 142, 4),
(450, 43, 144, 6),
(451, 43, 155, 6),
(452, 43, 130, 15),
(453, 43, 144, 20),
(454, 43, 30, 3),
(455, 44, 34, 14),
(456, 44, 75, 1),
(457, 44, 71, 13),
(458, 45, 50, 4),
(459, 45, 85, 10),
(460, 45, 92, 14),
(461, 45, 22, 11),
(462, 45, 81, 16),
(463, 45, 62, 8),
(464, 45, 154, 6),
(465, 45, 108, 19),
(466, 45, 92, 10),
(467, 45, 104, 10),
(468, 45, 69, 17),
(469, 45, 98, 11),
(470, 45, 6, 6),
(471, 46, 9, 15),
(472, 46, 96, 13),
(473, 46, 8, 16),
(474, 46, 28, 11),
(475, 46, 54, 17),
(476, 46, 108, 18),
(477, 46, 55, 9),
(478, 46, 39, 15),
(479, 46, 64, 11),
(480, 46, 62, 7),
(481, 46, 14, 18),
(482, 46, 154, 11),
(483, 46, 45, 16),
(484, 46, 26, 17),
(485, 46, 133, 10),
(486, 46, 128, 18),
(487, 46, 31, 8),
(488, 46, 85, 5),
(489, 46, 25, 14),
(490, 46, 124, 10),
(491, 47, 71, 7),
(492, 47, 141, 18),
(493, 47, 94, 12),
(494, 47, 44, 2),
(495, 47, 156, 12),
(496, 47, 29, 17),
(497, 47, 86, 15),
(498, 47, 16, 7),
(499, 47, 143, 19),
(500, 47, 23, 7),
(501, 47, 112, 1),
(502, 47, 86, 2),
(503, 48, 123, 5),
(504, 48, 39, 11),
(505, 48, 115, 16),
(506, 48, 156, 2),
(507, 48, 104, 17),
(508, 48, 102, 5),
(509, 48, 19, 15),
(510, 48, 32, 14),
(511, 48, 145, 1),
(512, 48, 37, 13),
(513, 48, 18, 11),
(514, 48, 82, 1),
(515, 49, 137, 15),
(516, 49, 112, 8),
(517, 49, 127, 5),
(518, 49, 23, 1),
(519, 49, 77, 14),
(520, 49, 117, 5),
(521, 49, 103, 16),
(522, 49, 143, 10),
(523, 49, 65, 3),
(524, 49, 97, 3),
(525, 49, 50, 6),
(526, 49, 4, 7),
(527, 49, 83, 13),
(528, 49, 69, 2),
(529, 50, 71, 15),
(530, 50, 1, 3),
(531, 50, 70, 8),
(532, 50, 151, 14),
(533, 51, 153, 3),
(534, 51, 31, 14),
(535, 51, 62, 17),
(536, 51, 72, 6),
(537, 51, 51, 17),
(538, 51, 62, 19),
(539, 51, 156, 14),
(540, 51, 32, 20),
(541, 51, 2, 15),
(542, 51, 104, 9),
(543, 51, 124, 16),
(544, 52, 82, 17),
(545, 52, 5, 19),
(546, 52, 30, 20),
(547, 52, 98, 15),
(548, 52, 146, 15),
(549, 52, 144, 12),
(550, 52, 21, 15),
(551, 52, 2, 9),
(552, 52, 5, 18),
(553, 52, 127, 19),
(554, 52, 133, 10),
(555, 52, 22, 17),
(556, 52, 79, 17),
(557, 52, 74, 19),
(558, 52, 99, 6),
(559, 52, 130, 3),
(560, 52, 10, 17),
(561, 52, 10, 5),
(562, 53, 107, 19),
(563, 53, 112, 9),
(564, 53, 135, 6),
(565, 53, 87, 12),
(566, 53, 45, 19),
(567, 53, 95, 3),
(568, 53, 117, 11),
(569, 53, 154, 5),
(570, 53, 107, 16),
(571, 53, 112, 11),
(572, 53, 38, 13),
(573, 53, 20, 10),
(574, 53, 69, 5),
(575, 53, 89, 6),
(576, 53, 48, 16),
(577, 53, 8, 20),
(578, 54, 119, 8),
(579, 54, 93, 20),
(580, 54, 146, 3),
(581, 54, 44, 17),
(582, 54, 116, 9),
(583, 54, 92, 5),
(584, 54, 58, 16),
(585, 54, 146, 3),
(586, 54, 76, 9),
(587, 54, 58, 2),
(588, 54, 86, 17),
(589, 54, 82, 16),
(590, 54, 64, 16),
(591, 54, 11, 4),
(592, 54, 130, 1),
(593, 55, 88, 8),
(594, 55, 79, 11),
(595, 55, 47, 13),
(596, 55, 131, 3),
(597, 55, 54, 5),
(598, 55, 114, 12),
(599, 55, 93, 10),
(600, 55, 78, 15),
(601, 55, 153, 18),
(602, 55, 10, 1),
(603, 55, 68, 19),
(604, 55, 87, 4),
(605, 55, 49, 7),
(606, 55, 40, 10),
(607, 55, 18, 6),
(608, 55, 66, 14),
(609, 55, 106, 18),
(610, 55, 31, 19),
(611, 55, 83, 1),
(612, 56, 137, 5),
(613, 56, 126, 9),
(614, 56, 128, 6),
(615, 57, 80, 5),
(616, 57, 128, 12),
(617, 57, 38, 5),
(618, 57, 75, 16),
(619, 57, 63, 16),
(620, 57, 13, 13),
(621, 57, 41, 4),
(622, 57, 146, 14),
(623, 57, 135, 12),
(624, 57, 89, 1),
(625, 57, 82, 2),
(626, 57, 6, 12),
(627, 57, 147, 6),
(628, 57, 60, 7),
(629, 57, 8, 13),
(630, 57, 38, 11),
(631, 57, 134, 1),
(632, 57, 16, 2),
(633, 57, 37, 12),
(634, 58, 100, 7),
(635, 58, 147, 6),
(636, 58, 94, 2),
(637, 58, 26, 5),
(638, 58, 150, 15),
(639, 58, 128, 20),
(640, 58, 37, 18),
(641, 58, 160, 17),
(642, 58, 123, 5),
(643, 58, 29, 2),
(644, 58, 47, 17),
(645, 58, 53, 17),
(646, 58, 103, 7),
(647, 58, 150, 14),
(648, 58, 93, 10),
(649, 58, 87, 4),
(650, 58, 133, 9),
(651, 59, 66, 11),
(652, 59, 98, 13),
(653, 59, 77, 7),
(654, 59, 71, 9),
(655, 59, 89, 6),
(656, 59, 68, 8),
(657, 59, 9, 14),
(658, 59, 87, 3),
(659, 59, 154, 7),
(660, 59, 77, 16),
(661, 60, 133, 15),
(662, 60, 109, 8),
(663, 60, 33, 5),
(664, 60, 95, 1),
(665, 60, 106, 1),
(666, 60, 69, 4),
(667, 60, 104, 2),
(668, 60, 109, 20),
(669, 60, 83, 3),
(670, 60, 84, 17),
(671, 60, 85, 18),
(672, 60, 138, 4),
(673, 60, 67, 1),
(674, 60, 22, 16),
(675, 60, 77, 19),
(676, 60, 118, 6),
(677, 60, 101, 8),
(678, 60, 112, 17),
(679, 60, 98, 6),
(680, 60, 137, 6),
(681, 61, 45, 10),
(682, 61, 156, 7),
(683, 61, 21, 19),
(684, 61, 139, 5),
(685, 61, 73, 14),
(686, 61, 122, 7),
(687, 61, 83, 19),
(688, 61, 121, 11),
(689, 62, 82, 20),
(690, 62, 160, 5),
(691, 62, 48, 13),
(692, 63, 160, 9),
(693, 63, 39, 6),
(694, 63, 47, 10),
(695, 63, 96, 12),
(696, 63, 154, 12),
(697, 63, 148, 2),
(698, 63, 80, 16),
(699, 63, 51, 19),
(700, 63, 70, 2),
(701, 63, 45, 19),
(702, 63, 1, 1),
(703, 63, 75, 2),
(704, 63, 85, 10),
(705, 64, 123, 16),
(706, 64, 110, 8),
(707, 64, 121, 3),
(708, 65, 4, 9),
(709, 65, 20, 13),
(710, 65, 159, 2),
(711, 65, 29, 18),
(712, 65, 26, 14),
(713, 65, 108, 10),
(714, 65, 100, 2),
(715, 65, 87, 18),
(716, 65, 8, 11),
(717, 65, 148, 11),
(718, 65, 100, 9),
(719, 65, 157, 14),
(720, 65, 33, 15),
(721, 66, 96, 10),
(722, 66, 79, 5),
(723, 66, 82, 19),
(724, 66, 55, 3),
(725, 66, 144, 9),
(726, 66, 49, 16),
(727, 66, 93, 20),
(728, 66, 73, 2),
(729, 67, 89, 12),
(730, 67, 79, 12),
(731, 67, 22, 9),
(732, 67, 18, 16),
(733, 67, 137, 2),
(734, 67, 71, 1),
(735, 67, 132, 17),
(736, 67, 104, 6),
(737, 67, 47, 18),
(738, 67, 130, 4),
(739, 67, 32, 19),
(740, 67, 14, 13),
(741, 67, 38, 18),
(742, 68, 34, 7),
(743, 68, 39, 17),
(744, 68, 142, 17),
(745, 68, 46, 10),
(746, 68, 156, 14),
(747, 69, 116, 11),
(748, 69, 109, 4),
(749, 69, 94, 10),
(750, 69, 154, 5),
(751, 69, 128, 5),
(752, 69, 14, 12),
(753, 69, 72, 6),
(754, 69, 85, 11),
(755, 69, 145, 16),
(756, 69, 65, 2),
(757, 69, 156, 15),
(758, 69, 53, 16),
(759, 69, 97, 4),
(760, 70, 13, 3),
(761, 70, 119, 14),
(762, 71, 44, 7),
(763, 71, 1, 18),
(764, 71, 134, 20),
(765, 71, 13, 13),
(766, 71, 33, 4),
(767, 71, 35, 13),
(768, 71, 72, 15),
(769, 71, 28, 7),
(770, 71, 80, 12),
(771, 71, 69, 10),
(772, 71, 48, 16),
(773, 71, 36, 18),
(774, 71, 148, 6),
(775, 71, 156, 1),
(776, 71, 2, 13),
(777, 71, 144, 6),
(778, 71, 156, 18),
(779, 71, 22, 16),
(780, 72, 35, 9),
(781, 72, 9, 8),
(782, 72, 102, 14),
(783, 72, 133, 8),
(784, 72, 140, 4),
(785, 72, 140, 9),
(786, 72, 96, 7),
(787, 72, 119, 7),
(788, 72, 89, 13),
(789, 72, 43, 17),
(790, 72, 97, 7),
(791, 72, 134, 5),
(792, 72, 33, 3),
(793, 72, 32, 2),
(794, 72, 40, 20),
(795, 72, 153, 10),
(796, 72, 65, 20),
(797, 72, 136, 1),
(798, 73, 108, 9),
(799, 73, 91, 17),
(800, 73, 44, 1),
(801, 73, 69, 12),
(802, 73, 119, 16),
(803, 73, 24, 8),
(804, 73, 6, 20),
(805, 73, 156, 7),
(806, 73, 129, 4),
(807, 73, 89, 19),
(808, 73, 63, 13),
(809, 73, 26, 8),
(810, 73, 96, 13),
(811, 73, 125, 12),
(812, 73, 75, 17),
(813, 74, 21, 5),
(814, 74, 136, 20),
(815, 74, 78, 17),
(816, 74, 62, 2),
(817, 74, 95, 4),
(818, 74, 37, 20),
(819, 74, 31, 4),
(820, 75, 161, 3),
(821, 75, 15, 19),
(822, 75, 81, 15),
(823, 75, 11, 18),
(824, 75, 53, 14),
(825, 75, 104, 19),
(826, 75, 24, 10),
(827, 75, 32, 6),
(828, 75, 107, 1),
(829, 75, 37, 3),
(830, 75, 143, 13),
(831, 75, 36, 10),
(832, 76, 72, 9),
(833, 76, 155, 13),
(834, 76, 56, 10),
(835, 76, 103, 10),
(836, 76, 94, 11),
(837, 76, 154, 7),
(838, 76, 98, 17),
(839, 76, 103, 6),
(840, 76, 76, 12),
(841, 76, 70, 19),
(842, 76, 120, 15),
(843, 76, 94, 16),
(844, 76, 151, 15),
(845, 76, 108, 11),
(846, 76, 152, 3),
(847, 76, 51, 8),
(848, 77, 44, 1),
(849, 77, 148, 16),
(850, 77, 107, 8),
(851, 77, 57, 5),
(852, 77, 53, 14),
(853, 77, 130, 4),
(854, 77, 49, 2),
(855, 77, 100, 18),
(856, 77, 86, 11),
(857, 77, 97, 5),
(858, 77, 20, 8),
(859, 77, 28, 17),
(860, 78, 117, 16),
(861, 78, 31, 1),
(862, 79, 123, 7),
(863, 79, 33, 14),
(864, 79, 12, 18),
(865, 79, 8, 9),
(866, 79, 11, 8),
(867, 80, 141, 11),
(868, 80, 62, 20),
(869, 80, 23, 5),
(870, 81, 110, 17),
(871, 81, 119, 16),
(872, 81, 35, 19),
(873, 81, 104, 6),
(874, 81, 102, 9),
(875, 81, 74, 14),
(876, 81, 98, 5),
(877, 81, 156, 17),
(878, 81, 144, 1),
(879, 81, 109, 19),
(880, 81, 73, 15),
(881, 82, 87, 13),
(882, 82, 133, 19),
(883, 82, 94, 20),
(884, 82, 26, 2),
(885, 82, 104, 20),
(886, 82, 131, 9),
(887, 82, 34, 15),
(888, 83, 77, 7),
(889, 83, 82, 19),
(890, 83, 2, 3),
(891, 84, 157, 19),
(892, 84, 7, 1),
(893, 84, 95, 20),
(894, 84, 75, 7),
(895, 85, 161, 19),
(896, 85, 17, 19),
(897, 85, 84, 2),
(898, 85, 12, 12),
(899, 85, 115, 2),
(900, 85, 65, 4),
(901, 85, 44, 3),
(902, 86, 120, 10),
(903, 86, 120, 14),
(904, 86, 76, 18),
(905, 86, 133, 9),
(906, 86, 125, 18),
(907, 86, 74, 8),
(908, 87, 148, 14),
(909, 87, 20, 19),
(910, 87, 101, 5),
(911, 87, 133, 3),
(912, 87, 48, 18),
(913, 87, 118, 1),
(914, 87, 155, 3),
(915, 87, 26, 5),
(916, 87, 41, 8),
(917, 87, 156, 15),
(918, 87, 22, 13),
(919, 87, 31, 20),
(920, 87, 76, 13),
(921, 87, 122, 7),
(922, 87, 15, 3),
(923, 87, 28, 1),
(924, 87, 130, 6),
(925, 88, 69, 11),
(926, 88, 120, 12),
(927, 88, 130, 13),
(928, 88, 49, 17),
(929, 88, 96, 9),
(930, 88, 156, 17),
(931, 88, 111, 8),
(932, 88, 127, 9),
(933, 88, 79, 9),
(934, 88, 96, 10),
(935, 88, 144, 5),
(936, 88, 37, 5),
(937, 88, 51, 7),
(938, 88, 64, 7),
(939, 88, 24, 14),
(940, 88, 38, 12),
(941, 88, 32, 20),
(942, 88, 23, 1),
(943, 88, 98, 9),
(944, 89, 33, 18),
(945, 89, 126, 1),
(946, 89, 91, 3),
(947, 89, 130, 20),
(948, 89, 101, 5),
(949, 89, 90, 2),
(950, 89, 20, 16),
(951, 89, 53, 7),
(952, 89, 17, 14),
(953, 89, 119, 9),
(954, 89, 132, 9),
(955, 89, 106, 8),
(956, 89, 100, 13),
(957, 89, 86, 13),
(958, 89, 38, 20),
(959, 89, 70, 9),
(960, 89, 137, 5),
(961, 90, 66, 8),
(962, 90, 42, 8),
(963, 90, 158, 10),
(964, 90, 151, 2),
(965, 90, 98, 15),
(966, 90, 65, 19),
(967, 90, 133, 2),
(968, 90, 111, 5),
(969, 90, 143, 3),
(970, 90, 145, 6),
(971, 91, 84, 17),
(972, 91, 55, 16),
(973, 91, 126, 16),
(974, 91, 31, 13),
(975, 91, 159, 13),
(976, 91, 7, 7),
(977, 91, 145, 9),
(978, 91, 51, 8),
(979, 91, 57, 8),
(980, 91, 159, 2),
(981, 91, 127, 19),
(982, 91, 144, 18),
(983, 91, 101, 3),
(984, 91, 120, 15),
(985, 91, 5, 1),
(986, 92, 89, 17),
(987, 92, 128, 7),
(988, 92, 98, 12),
(989, 92, 80, 5),
(990, 92, 88, 3),
(991, 92, 45, 18),
(992, 92, 6, 14),
(993, 92, 31, 9),
(994, 92, 6, 12),
(995, 92, 66, 3),
(996, 93, 55, 20),
(997, 93, 36, 20),
(998, 93, 21, 20),
(999, 93, 112, 4),
(1000, 93, 159, 3),
(1001, 93, 114, 17),
(1002, 93, 151, 1),
(1003, 93, 68, 10),
(1004, 94, 107, 1),
(1005, 94, 102, 19),
(1006, 94, 148, 14),
(1007, 94, 101, 3),
(1008, 94, 14, 14),
(1009, 94, 110, 10),
(1010, 94, 124, 1),
(1011, 94, 134, 16),
(1012, 94, 43, 16),
(1013, 94, 144, 5),
(1014, 94, 79, 1),
(1015, 95, 102, 15),
(1016, 95, 5, 12),
(1017, 95, 121, 10),
(1018, 95, 10, 5),
(1019, 95, 18, 2),
(1020, 95, 143, 1),
(1021, 96, 89, 14),
(1022, 96, 20, 13),
(1023, 97, 130, 3),
(1024, 97, 16, 17),
(1025, 97, 154, 18),
(1026, 97, 19, 15),
(1027, 97, 121, 7),
(1028, 97, 37, 16),
(1029, 97, 91, 18),
(1030, 97, 87, 12),
(1031, 98, 47, 1),
(1032, 98, 78, 11),
(1033, 98, 25, 12),
(1034, 98, 68, 4),
(1035, 98, 97, 20),
(1036, 98, 140, 15),
(1037, 98, 97, 4),
(1038, 98, 85, 15),
(1039, 98, 47, 8),
(1040, 98, 109, 3),
(1041, 99, 68, 18),
(1042, 99, 134, 13),
(1043, 99, 110, 8),
(1044, 99, 81, 5),
(1045, 99, 158, 19),
(1046, 99, 81, 1),
(1047, 99, 66, 1),
(1048, 99, 28, 20),
(1049, 99, 74, 8),
(1050, 99, 94, 9),
(1051, 99, 38, 7),
(1052, 100, 69, 17),
(1053, 100, 122, 15),
(1054, 101, 69, 18),
(1055, 101, 112, 17),
(1056, 101, 121, 11),
(1057, 101, 79, 9),
(1058, 101, 148, 20),
(1059, 102, 145, 19),
(1060, 102, 24, 19),
(1061, 102, 52, 4),
(1062, 102, 15, 7),
(1063, 102, 104, 10),
(1064, 102, 143, 2),
(1065, 102, 112, 4),
(1066, 102, 16, 3),
(1067, 102, 4, 17),
(1068, 102, 134, 5),
(1069, 102, 45, 14),
(1070, 102, 148, 3),
(1071, 102, 71, 9),
(1072, 102, 98, 18),
(1073, 103, 97, 11),
(1074, 103, 41, 11),
(1075, 103, 105, 4),
(1076, 103, 134, 17),
(1077, 103, 42, 3),
(1078, 103, 77, 15),
(1079, 103, 4, 11),
(1080, 103, 66, 5),
(1081, 104, 85, 5),
(1082, 104, 79, 8),
(1083, 104, 74, 16),
(1084, 104, 8, 8),
(1085, 104, 143, 10),
(1086, 104, 132, 10),
(1087, 104, 56, 4),
(1088, 104, 15, 18),
(1089, 104, 69, 12),
(1090, 104, 81, 12),
(1091, 104, 70, 7),
(1092, 104, 138, 12),
(1093, 104, 130, 12),
(1094, 104, 95, 7),
(1095, 105, 129, 20),
(1096, 105, 82, 1),
(1097, 105, 78, 18),
(1098, 105, 79, 5),
(1099, 105, 147, 18),
(1100, 105, 21, 8),
(1101, 105, 109, 13),
(1102, 105, 120, 17),
(1103, 105, 114, 12),
(1104, 105, 44, 7),
(1105, 105, 15, 18),
(1106, 105, 119, 9),
(1107, 105, 117, 7),
(1108, 105, 38, 7),
(1109, 105, 144, 12),
(1110, 105, 46, 14),
(1111, 105, 92, 16),
(1112, 105, 117, 1),
(1113, 105, 105, 5),
(1114, 105, 48, 12),
(1115, 106, 69, 20),
(1116, 106, 119, 1),
(1117, 106, 113, 12),
(1118, 107, 47, 18),
(1119, 107, 9, 8),
(1120, 107, 117, 16),
(1121, 107, 130, 10),
(1122, 107, 16, 1),
(1123, 107, 122, 20),
(1124, 107, 100, 1),
(1125, 107, 110, 4),
(1126, 107, 133, 9),
(1127, 107, 38, 10),
(1128, 107, 100, 11),
(1129, 107, 6, 14),
(1130, 107, 154, 20),
(1131, 107, 69, 20),
(1132, 107, 111, 1),
(1133, 107, 121, 20),
(1134, 108, 129, 8),
(1135, 108, 95, 12),
(1136, 108, 27, 1),
(1137, 108, 111, 5),
(1138, 108, 128, 14),
(1139, 108, 132, 17),
(1140, 108, 57, 1),
(1141, 108, 104, 16),
(1142, 108, 39, 3),
(1143, 108, 61, 16),
(1144, 108, 26, 2),
(1145, 108, 117, 3),
(1146, 108, 78, 15),
(1147, 108, 135, 10),
(1148, 108, 75, 17),
(1149, 108, 56, 6),
(1150, 108, 29, 19),
(1151, 108, 138, 7),
(1152, 109, 87, 11),
(1153, 109, 123, 5),
(1154, 109, 59, 12),
(1155, 109, 91, 8),
(1156, 109, 38, 7),
(1157, 109, 98, 8),
(1158, 109, 112, 8),
(1159, 109, 82, 15),
(1160, 109, 16, 14),
(1161, 109, 37, 17),
(1162, 109, 80, 15),
(1163, 109, 46, 7),
(1164, 109, 10, 11),
(1165, 109, 79, 20),
(1166, 109, 65, 17),
(1167, 109, 156, 19),
(1168, 109, 61, 15),
(1169, 109, 25, 15),
(1170, 109, 52, 15),
(1171, 109, 18, 12),
(1172, 110, 116, 19),
(1173, 110, 117, 2),
(1174, 111, 77, 4),
(1175, 111, 11, 15),
(1176, 111, 2, 12),
(1177, 111, 68, 6),
(1178, 111, 140, 10),
(1179, 111, 136, 7),
(1180, 111, 77, 5),
(1181, 111, 29, 9),
(1182, 111, 30, 12),
(1183, 112, 54, 6),
(1184, 112, 80, 1),
(1185, 112, 65, 1),
(1186, 112, 14, 3),
(1187, 112, 153, 17),
(1188, 113, 58, 6),
(1189, 113, 66, 9),
(1190, 113, 159, 9),
(1191, 113, 158, 9),
(1192, 113, 115, 17),
(1193, 113, 143, 11),
(1194, 114, 58, 16),
(1195, 114, 59, 17),
(1196, 114, 158, 19),
(1197, 114, 158, 7),
(1198, 114, 34, 10),
(1199, 115, 98, 11),
(1200, 115, 71, 15),
(1201, 115, 75, 5),
(1202, 115, 151, 17),
(1203, 115, 85, 7),
(1204, 115, 38, 11),
(1205, 115, 122, 5),
(1206, 115, 148, 10),
(1207, 116, 129, 1),
(1208, 116, 39, 4),
(1209, 117, 98, 20),
(1210, 117, 126, 11),
(1211, 117, 151, 2),
(1212, 117, 119, 9),
(1213, 117, 73, 7),
(1214, 117, 149, 18),
(1215, 117, 11, 8),
(1216, 117, 22, 1),
(1217, 117, 32, 14),
(1218, 117, 56, 9),
(1219, 117, 29, 2),
(1220, 117, 104, 2),
(1221, 117, 91, 14),
(1222, 117, 143, 12),
(1223, 117, 151, 1),
(1224, 117, 63, 11),
(1225, 117, 161, 4),
(1226, 118, 150, 6),
(1227, 118, 130, 7),
(1228, 118, 115, 3),
(1229, 119, 97, 5),
(1230, 119, 102, 15),
(1231, 119, 35, 17),
(1232, 119, 65, 12),
(1233, 119, 42, 12),
(1234, 119, 106, 19),
(1235, 120, 36, 12),
(1236, 120, 88, 16),
(1237, 120, 86, 12),
(1238, 120, 30, 2),
(1239, 120, 94, 8),
(1240, 120, 24, 11),
(1241, 120, 99, 20),
(1242, 120, 136, 7),
(1243, 120, 16, 2),
(1244, 120, 150, 7),
(1245, 120, 118, 14),
(1246, 120, 85, 12),
(1247, 120, 11, 2),
(1248, 120, 132, 13),
(1249, 121, 116, 6),
(1250, 121, 154, 7),
(1251, 121, 136, 16),
(1252, 121, 137, 9),
(1253, 121, 152, 19),
(1254, 121, 2, 6),
(1255, 121, 13, 11),
(1256, 121, 147, 1),
(1257, 121, 58, 5),
(1258, 121, 21, 10),
(1259, 121, 27, 9),
(1260, 121, 29, 17),
(1261, 121, 156, 15),
(1262, 121, 144, 1),
(1263, 121, 89, 11),
(1264, 122, 133, 15),
(1265, 122, 95, 14),
(1266, 122, 79, 9),
(1267, 122, 16, 9),
(1268, 122, 60, 3),
(1269, 122, 117, 9),
(1270, 122, 100, 13),
(1271, 123, 157, 18),
(1272, 123, 98, 9),
(1273, 123, 5, 1),
(1274, 123, 98, 18),
(1275, 123, 2, 7),
(1276, 123, 121, 2),
(1277, 123, 144, 6),
(1278, 123, 135, 4),
(1279, 123, 16, 12),
(1280, 123, 122, 16),
(1281, 123, 9, 4),
(1282, 124, 78, 12),
(1283, 124, 154, 5),
(1284, 124, 2, 12),
(1285, 124, 136, 10),
(1286, 124, 89, 15),
(1287, 124, 16, 20),
(1288, 124, 119, 3),
(1289, 124, 94, 12),
(1290, 124, 26, 19),
(1291, 124, 56, 5),
(1292, 124, 132, 13),
(1293, 124, 8, 20),
(1294, 124, 114, 13),
(1295, 124, 119, 10),
(1296, 124, 108, 19),
(1297, 124, 52, 4),
(1298, 124, 80, 6),
(1299, 124, 58, 11),
(1300, 125, 32, 20),
(1301, 125, 65, 19),
(1302, 125, 15, 8),
(1303, 125, 104, 5),
(1304, 125, 154, 5),
(1305, 125, 64, 18),
(1306, 125, 94, 13),
(1307, 125, 112, 4),
(1308, 125, 106, 14),
(1309, 125, 146, 6),
(1310, 125, 67, 8),
(1311, 125, 150, 7),
(1312, 125, 113, 2),
(1313, 125, 135, 20),
(1314, 125, 71, 7),
(1315, 125, 133, 13),
(1316, 125, 55, 5),
(1317, 125, 88, 9),
(1318, 126, 31, 14),
(1319, 126, 88, 9),
(1320, 126, 11, 9),
(1321, 126, 3, 14),
(1322, 126, 18, 5),
(1323, 126, 53, 16),
(1324, 126, 19, 12),
(1325, 126, 32, 10),
(1326, 126, 84, 11),
(1327, 126, 31, 12),
(1328, 126, 60, 4),
(1329, 126, 6, 15),
(1330, 126, 159, 14),
(1331, 127, 34, 5),
(1332, 127, 77, 16),
(1333, 128, 24, 7),
(1334, 128, 134, 5),
(1335, 128, 124, 17),
(1336, 128, 143, 18),
(1337, 128, 9, 5),
(1338, 128, 107, 4),
(1339, 128, 129, 18),
(1340, 128, 107, 7),
(1341, 128, 63, 17),
(1342, 129, 123, 1),
(1343, 129, 152, 10),
(1344, 129, 160, 13),
(1345, 129, 84, 4),
(1346, 129, 133, 20),
(1347, 129, 161, 5),
(1348, 129, 24, 7),
(1349, 129, 9, 8),
(1350, 129, 18, 18),
(1351, 129, 39, 20),
(1352, 129, 154, 9),
(1353, 129, 105, 3),
(1354, 129, 40, 11),
(1355, 129, 127, 12),
(1356, 129, 144, 13),
(1357, 129, 75, 13),
(1358, 129, 104, 9),
(1359, 129, 20, 13),
(1360, 129, 4, 13),
(1361, 130, 136, 13),
(1362, 130, 135, 2),
(1363, 130, 127, 4),
(1364, 130, 20, 3),
(1365, 130, 47, 1),
(1366, 130, 62, 6),
(1367, 130, 156, 17),
(1368, 130, 149, 2),
(1369, 130, 12, 9),
(1370, 130, 142, 13),
(1371, 130, 51, 11),
(1372, 130, 16, 20),
(1373, 130, 26, 11),
(1374, 130, 14, 16),
(1375, 130, 85, 15),
(1376, 130, 102, 8),
(1377, 130, 59, 10),
(1378, 131, 25, 13),
(1379, 131, 89, 6),
(1380, 131, 150, 12),
(1381, 131, 109, 5),
(1382, 131, 87, 11),
(1383, 131, 22, 13),
(1384, 131, 93, 12),
(1385, 131, 81, 5),
(1386, 131, 141, 1),
(1387, 131, 49, 17),
(1388, 132, 129, 19),
(1389, 132, 155, 7),
(1390, 132, 105, 12),
(1391, 132, 112, 1),
(1392, 132, 9, 3),
(1393, 133, 112, 14),
(1394, 133, 75, 13),
(1395, 133, 40, 3),
(1396, 133, 135, 16),
(1397, 133, 104, 20),
(1398, 134, 36, 11),
(1399, 134, 146, 9),
(1400, 134, 65, 19),
(1401, 134, 117, 5),
(1402, 134, 14, 11),
(1403, 134, 26, 1),
(1404, 134, 137, 17),
(1405, 134, 103, 11),
(1406, 134, 133, 14),
(1407, 135, 160, 8),
(1408, 135, 55, 9),
(1409, 135, 2, 12),
(1410, 135, 95, 17),
(1411, 135, 58, 5),
(1412, 135, 131, 16),
(1413, 135, 73, 7),
(1414, 135, 107, 18),
(1415, 135, 118, 12),
(1416, 135, 96, 20),
(1417, 135, 108, 3),
(1418, 135, 21, 15),
(1419, 135, 156, 19),
(1420, 135, 57, 11),
(1421, 136, 7, 4),
(1422, 136, 120, 9),
(1423, 136, 81, 4),
(1424, 136, 71, 2),
(1425, 136, 126, 6),
(1426, 136, 71, 1),
(1427, 136, 14, 4),
(1428, 136, 75, 9),
(1429, 136, 138, 7),
(1430, 136, 25, 9),
(1431, 136, 150, 3),
(1432, 136, 17, 2),
(1433, 136, 40, 17),
(1434, 136, 3, 4),
(1435, 136, 27, 11),
(1436, 136, 152, 5),
(1437, 137, 111, 13),
(1438, 137, 30, 18),
(1439, 137, 11, 6),
(1440, 137, 107, 7),
(1441, 137, 113, 14),
(1442, 137, 69, 18),
(1443, 137, 23, 17),
(1444, 137, 121, 10),
(1445, 137, 161, 4),
(1446, 137, 65, 3),
(1447, 137, 47, 10),
(1448, 137, 59, 3),
(1449, 137, 76, 11),
(1450, 137, 43, 20),
(1451, 137, 80, 10),
(1452, 138, 29, 2),
(1453, 138, 140, 2),
(1454, 138, 26, 3),
(1455, 138, 117, 10),
(1456, 138, 134, 8),
(1457, 138, 149, 15),
(1458, 138, 87, 16),
(1459, 138, 77, 1),
(1460, 138, 124, 14),
(1461, 138, 67, 18),
(1462, 138, 154, 18),
(1463, 138, 41, 2),
(1464, 138, 55, 17),
(1465, 138, 51, 7),
(1466, 139, 126, 1),
(1467, 139, 76, 18),
(1468, 139, 141, 11),
(1469, 139, 6, 1),
(1470, 139, 42, 11),
(1471, 139, 135, 14),
(1472, 139, 74, 12),
(1473, 140, 37, 1),
(1474, 140, 33, 20),
(1475, 140, 113, 13),
(1476, 140, 142, 14),
(1477, 140, 77, 3),
(1478, 141, 131, 19),
(1479, 141, 4, 3),
(1480, 141, 37, 17),
(1481, 141, 24, 14),
(1482, 141, 110, 1),
(1483, 141, 38, 15),
(1484, 141, 4, 10),
(1485, 141, 39, 18),
(1486, 141, 24, 14),
(1487, 141, 67, 7),
(1488, 141, 148, 10),
(1489, 141, 86, 19),
(1490, 141, 25, 3),
(1491, 141, 128, 17),
(1492, 141, 100, 19),
(1493, 142, 69, 18),
(1494, 142, 87, 12),
(1495, 142, 14, 7),
(1496, 142, 114, 16),
(1497, 142, 4, 15),
(1498, 142, 3, 15),
(1499, 142, 121, 11),
(1500, 142, 157, 12),
(1501, 142, 104, 14),
(1502, 142, 3, 20),
(1503, 142, 94, 10),
(1504, 143, 80, 13),
(1505, 143, 106, 6),
(1506, 143, 68, 6),
(1507, 143, 34, 19),
(1508, 143, 113, 2),
(1509, 143, 76, 6),
(1510, 143, 25, 17),
(1511, 143, 157, 19),
(1512, 143, 134, 14),
(1513, 143, 154, 12),
(1514, 143, 72, 10),
(1515, 144, 7, 3),
(1516, 144, 31, 2),
(1517, 144, 14, 16),
(1518, 144, 84, 12),
(1519, 144, 43, 3),
(1520, 144, 41, 12),
(1521, 144, 89, 11),
(1522, 144, 123, 10),
(1523, 144, 37, 17),
(1524, 144, 154, 10),
(1525, 144, 159, 16),
(1526, 144, 74, 19),
(1527, 145, 25, 18),
(1528, 145, 25, 12),
(1529, 145, 54, 14),
(1530, 145, 103, 9),
(1531, 145, 141, 14),
(1532, 145, 84, 13),
(1533, 145, 34, 3),
(1534, 145, 147, 7),
(1535, 145, 60, 10),
(1536, 145, 144, 18),
(1537, 145, 37, 8),
(1538, 145, 20, 2),
(1539, 145, 53, 13),
(1540, 146, 15, 2),
(1541, 146, 156, 14),
(1542, 147, 137, 17),
(1543, 147, 132, 4),
(1544, 147, 82, 10),
(1545, 147, 100, 8),
(1546, 147, 23, 3),
(1547, 147, 4, 7),
(1548, 148, 150, 14),
(1549, 148, 101, 8),
(1550, 148, 93, 11),
(1551, 148, 99, 19),
(1552, 148, 103, 14),
(1553, 148, 44, 5),
(1554, 149, 59, 7),
(1555, 149, 109, 1),
(1556, 149, 86, 11),
(1557, 149, 140, 7),
(1558, 149, 113, 8),
(1559, 149, 130, 7),
(1560, 149, 121, 19),
(1561, 149, 74, 16),
(1562, 149, 47, 15),
(1563, 149, 113, 20),
(1564, 149, 54, 2),
(1565, 149, 89, 18),
(1566, 149, 113, 10),
(1567, 149, 79, 8),
(1568, 149, 124, 15),
(1569, 150, 21, 1),
(1570, 150, 121, 4),
(1571, 150, 94, 6),
(1572, 151, 150, 20),
(1573, 151, 67, 15),
(1574, 152, 27, 14),
(1575, 152, 120, 19),
(1576, 152, 156, 10),
(1577, 152, 102, 19),
(1578, 152, 127, 15),
(1579, 152, 80, 13),
(1580, 152, 67, 20),
(1581, 153, 125, 16),
(1582, 153, 139, 17),
(1583, 153, 143, 19),
(1584, 153, 96, 2),
(1585, 154, 139, 2),
(1586, 154, 68, 17),
(1587, 154, 81, 4),
(1588, 154, 19, 14),
(1589, 154, 134, 18),
(1590, 154, 97, 16),
(1591, 154, 51, 5),
(1592, 154, 119, 3),
(1593, 154, 152, 5),
(1594, 154, 119, 8),
(1595, 154, 35, 18),
(1596, 155, 157, 15),
(1597, 155, 157, 18),
(1598, 155, 102, 12),
(1599, 155, 147, 3),
(1600, 156, 161, 11),
(1601, 156, 41, 10),
(1602, 156, 112, 8),
(1603, 156, 27, 11),
(1604, 156, 37, 16),
(1605, 156, 51, 11),
(1606, 156, 160, 1),
(1607, 156, 104, 19),
(1608, 156, 45, 8),
(1609, 156, 47, 10),
(1610, 157, 67, 10),
(1611, 157, 156, 8),
(1612, 157, 51, 12),
(1613, 157, 153, 5),
(1614, 157, 115, 8),
(1615, 157, 36, 6),
(1616, 158, 116, 19),
(1617, 158, 159, 18),
(1618, 158, 74, 5),
(1619, 158, 104, 16),
(1620, 158, 121, 13),
(1621, 158, 132, 8),
(1622, 158, 92, 2),
(1623, 158, 124, 18),
(1624, 158, 95, 1),
(1625, 158, 44, 1),
(1626, 158, 156, 14),
(1627, 158, 58, 12),
(1628, 158, 97, 12),
(1629, 159, 156, 16),
(1630, 159, 85, 12),
(1631, 159, 83, 10),
(1632, 159, 92, 8),
(1633, 159, 149, 16),
(1634, 159, 7, 14),
(1635, 159, 85, 14),
(1636, 160, 147, 5),
(1637, 160, 98, 14),
(1638, 160, 18, 4),
(1639, 160, 110, 8),
(1640, 160, 38, 13),
(1641, 160, 6, 12),
(1642, 160, 34, 13),
(1643, 160, 28, 10),
(1644, 160, 97, 20),
(1645, 160, 2, 4),
(1646, 160, 77, 10),
(1647, 161, 141, 8),
(1648, 161, 85, 19),
(1649, 161, 14, 1),
(1650, 161, 96, 12),
(1651, 161, 155, 17),
(1652, 161, 33, 13),
(1653, 161, 154, 8),
(1654, 161, 51, 7),
(1655, 161, 100, 20),
(1656, 161, 59, 5),
(1657, 161, 28, 20),
(1658, 161, 62, 14),
(1659, 161, 96, 7),
(1660, 161, 108, 16),
(1661, 161, 133, 3),
(1662, 161, 86, 14),
(1663, 162, 9, 13),
(1664, 162, 100, 2),
(1665, 162, 34, 5),
(1666, 162, 10, 2),
(1667, 162, 67, 14),
(1668, 162, 1, 16),
(1669, 162, 1, 7),
(1670, 162, 68, 20),
(1671, 162, 112, 13),
(1672, 162, 22, 14),
(1673, 162, 2, 16),
(1674, 162, 46, 8),
(1675, 163, 29, 12),
(1676, 163, 96, 18),
(1677, 163, 21, 13),
(1678, 164, 120, 15),
(1679, 164, 111, 20),
(1680, 164, 130, 15),
(1681, 164, 60, 10),
(1682, 164, 120, 4),
(1683, 164, 79, 2),
(1684, 164, 96, 10),
(1685, 164, 124, 5),
(1686, 164, 94, 10),
(1687, 164, 38, 8),
(1688, 164, 120, 12),
(1689, 165, 130, 16),
(1690, 165, 69, 8),
(1691, 165, 103, 12),
(1692, 165, 8, 3),
(1693, 165, 48, 16),
(1694, 165, 130, 6),
(1695, 165, 96, 11),
(1696, 165, 101, 2),
(1697, 165, 47, 16),
(1698, 165, 92, 8),
(1699, 165, 63, 1),
(1700, 165, 21, 13),
(1701, 165, 98, 12),
(1702, 165, 136, 20),
(1703, 165, 53, 9),
(1704, 165, 131, 3),
(1705, 165, 32, 5),
(1706, 166, 135, 16),
(1707, 166, 93, 20),
(1708, 166, 13, 8),
(1709, 166, 123, 7),
(1710, 166, 155, 7),
(1711, 166, 154, 1),
(1712, 166, 96, 16),
(1713, 166, 98, 19),
(1714, 166, 23, 13),
(1715, 166, 13, 15),
(1716, 166, 38, 14),
(1717, 166, 96, 5),
(1718, 167, 4, 1),
(1719, 167, 19, 5),
(1720, 167, 41, 13),
(1721, 167, 9, 1),
(1722, 167, 35, 1),
(1723, 167, 18, 12),
(1724, 167, 123, 9),
(1725, 167, 87, 2),
(1726, 167, 65, 12),
(1727, 167, 106, 3),
(1728, 167, 30, 13),
(1729, 167, 47, 17),
(1730, 167, 110, 1),
(1731, 167, 8, 7),
(1732, 167, 101, 6),
(1733, 167, 52, 13),
(1734, 167, 46, 9),
(1735, 167, 140, 11),
(1736, 167, 12, 19),
(1737, 167, 92, 6),
(1738, 168, 109, 18),
(1739, 168, 112, 3),
(1740, 168, 66, 16),
(1741, 168, 83, 20),
(1742, 168, 67, 14),
(1743, 168, 27, 1),
(1744, 168, 154, 20),
(1745, 168, 113, 20),
(1746, 168, 4, 1),
(1747, 168, 99, 6),
(1748, 168, 57, 6),
(1749, 168, 91, 16),
(1750, 168, 21, 2),
(1751, 168, 138, 2),
(1752, 168, 107, 3),
(1753, 168, 158, 7),
(1754, 168, 3, 14),
(1755, 168, 74, 9),
(1756, 168, 69, 20),
(1757, 169, 135, 13),
(1758, 169, 92, 18),
(1759, 169, 95, 11),
(1760, 169, 89, 12),
(1761, 169, 92, 12),
(1762, 169, 30, 18),
(1763, 169, 152, 9),
(1764, 169, 68, 15),
(1765, 169, 93, 11),
(1766, 170, 101, 4),
(1767, 170, 117, 13),
(1768, 170, 84, 15),
(1769, 170, 44, 20),
(1770, 170, 26, 14),
(1771, 170, 153, 12),
(1772, 170, 86, 12),
(1773, 170, 21, 8),
(1774, 170, 28, 14),
(1775, 170, 151, 15),
(1776, 170, 40, 11),
(1777, 170, 150, 3),
(1778, 170, 74, 8),
(1779, 171, 30, 19),
(1780, 171, 7, 16),
(1781, 171, 92, 5),
(1782, 171, 79, 4),
(1783, 171, 119, 5),
(1784, 171, 71, 15),
(1785, 171, 63, 3),
(1786, 171, 107, 19),
(1787, 171, 107, 5),
(1788, 171, 13, 1),
(1789, 171, 68, 16),
(1790, 172, 27, 20),
(1791, 172, 80, 2),
(1792, 172, 17, 20),
(1793, 172, 75, 13),
(1794, 172, 23, 9),
(1795, 172, 107, 19),
(1796, 172, 157, 18),
(1797, 172, 63, 3),
(1798, 172, 101, 13),
(1799, 172, 93, 7),
(1800, 172, 1, 15),
(1801, 172, 161, 20),
(1802, 172, 59, 5),
(1803, 172, 5, 9),
(1804, 172, 107, 16),
(1805, 172, 62, 17),
(1806, 172, 126, 18),
(1807, 172, 147, 18),
(1808, 172, 135, 8),
(1809, 172, 82, 20),
(1810, 173, 28, 18),
(1811, 173, 121, 2),
(1812, 173, 43, 18),
(1813, 173, 110, 18),
(1814, 173, 75, 1),
(1815, 173, 143, 4),
(1816, 173, 2, 17),
(1817, 173, 86, 6),
(1818, 173, 140, 19),
(1819, 173, 147, 13),
(1820, 173, 51, 15),
(1821, 173, 69, 4),
(1822, 173, 104, 7),
(1823, 173, 5, 1),
(1824, 173, 132, 20),
(1825, 173, 128, 20),
(1826, 174, 88, 1),
(1827, 174, 23, 9),
(1828, 174, 117, 1),
(1829, 174, 144, 15),
(1830, 174, 147, 2),
(1831, 174, 121, 15),
(1832, 174, 95, 20),
(1833, 174, 99, 11),
(1834, 174, 147, 6),
(1835, 174, 136, 13),
(1836, 174, 110, 1),
(1837, 174, 46, 20),
(1838, 174, 10, 6),
(1839, 174, 131, 2),
(1840, 174, 15, 16),
(1841, 174, 151, 13),
(1842, 174, 137, 2),
(1843, 174, 11, 12),
(1844, 175, 155, 7),
(1845, 175, 161, 1),
(1846, 175, 9, 15),
(1847, 176, 8, 8),
(1848, 176, 22, 20),
(1849, 176, 99, 20),
(1850, 176, 97, 6),
(1851, 176, 2, 18),
(1852, 176, 47, 2),
(1853, 176, 29, 2),
(1854, 176, 21, 6),
(1855, 176, 145, 2),
(1856, 176, 146, 15),
(1857, 176, 22, 20),
(1858, 176, 51, 5),
(1859, 176, 150, 13),
(1860, 177, 153, 14),
(1861, 177, 156, 12),
(1862, 177, 116, 7),
(1863, 177, 112, 14),
(1864, 177, 151, 14),
(1865, 177, 44, 5),
(1866, 178, 25, 11),
(1867, 178, 121, 7),
(1868, 178, 99, 18),
(1869, 178, 96, 11),
(1870, 178, 152, 10),
(1871, 178, 40, 2),
(1872, 178, 76, 12),
(1873, 178, 49, 8),
(1874, 178, 29, 11),
(1875, 178, 56, 17),
(1876, 178, 79, 19),
(1877, 178, 91, 17),
(1878, 178, 96, 5),
(1879, 178, 120, 6),
(1880, 179, 157, 19),
(1881, 179, 107, 10),
(1882, 179, 112, 20),
(1883, 179, 15, 12),
(1884, 179, 94, 12),
(1885, 179, 84, 2),
(1886, 179, 136, 12),
(1887, 179, 88, 9),
(1888, 179, 145, 19),
(1889, 179, 93, 9),
(1890, 179, 46, 9),
(1891, 180, 30, 20),
(1892, 180, 116, 16),
(1893, 180, 35, 10),
(1894, 180, 8, 15),
(1895, 180, 71, 20),
(1896, 180, 62, 19),
(1897, 180, 111, 8),
(1898, 180, 2, 6),
(1899, 180, 154, 13),
(1900, 180, 126, 1),
(1901, 180, 73, 8),
(1902, 180, 93, 18),
(1903, 180, 45, 11),
(1904, 180, 70, 14),
(1905, 180, 129, 18),
(1906, 180, 97, 20),
(1907, 180, 134, 7),
(1908, 180, 123, 1),
(1909, 180, 127, 17),
(1910, 181, 36, 16),
(1911, 181, 24, 3),
(1912, 181, 78, 11),
(1913, 181, 25, 15),
(1914, 181, 75, 16),
(1915, 181, 84, 10),
(1916, 181, 35, 18),
(1917, 181, 12, 2),
(1918, 181, 29, 12),
(1919, 181, 81, 18),
(1920, 181, 63, 8),
(1921, 181, 76, 8),
(1922, 181, 30, 16),
(1923, 181, 22, 5),
(1924, 181, 93, 19),
(1925, 181, 160, 16),
(1926, 182, 23, 19),
(1927, 182, 35, 14),
(1928, 182, 15, 20),
(1929, 182, 20, 18),
(1930, 182, 77, 13),
(1931, 182, 11, 8),
(1932, 182, 111, 3),
(1933, 182, 89, 6),
(1934, 182, 102, 9),
(1935, 182, 107, 20),
(1936, 182, 143, 1),
(1937, 182, 26, 14),
(1938, 182, 26, 8),
(1939, 182, 41, 3),
(1940, 182, 61, 2),
(1941, 183, 83, 20),
(1942, 183, 8, 4),
(1943, 183, 14, 1),
(1944, 183, 46, 19),
(1945, 183, 78, 18),
(1946, 183, 161, 18),
(1947, 183, 95, 3),
(1948, 183, 65, 18),
(1949, 183, 122, 17),
(1950, 183, 84, 15),
(1951, 183, 114, 11),
(1952, 183, 145, 8),
(1953, 183, 114, 6),
(1954, 183, 103, 17),
(1955, 183, 107, 14),
(1956, 183, 104, 4),
(1957, 183, 110, 14),
(1958, 184, 124, 14),
(1959, 184, 101, 14),
(1960, 184, 28, 11),
(1961, 184, 113, 1),
(1962, 184, 18, 17),
(1963, 184, 69, 20),
(1964, 184, 94, 5),
(1965, 184, 78, 7),
(1966, 185, 5, 5),
(1967, 185, 53, 15),
(1968, 185, 81, 20),
(1969, 185, 87, 4),
(1970, 185, 105, 4),
(1971, 185, 54, 7),
(1972, 185, 140, 14),
(1973, 185, 16, 12),
(1974, 185, 48, 16),
(1975, 185, 118, 17),
(1976, 185, 80, 16),
(1977, 185, 150, 7),
(1978, 185, 29, 18),
(1979, 185, 145, 9),
(1980, 185, 60, 5),
(1981, 185, 60, 8),
(1982, 185, 70, 14),
(1983, 185, 21, 19),
(1984, 185, 107, 14),
(1985, 185, 15, 7),
(1986, 186, 69, 13),
(1987, 186, 114, 2),
(1988, 186, 119, 6),
(1989, 186, 64, 11),
(1990, 186, 161, 5),
(1991, 186, 4, 15),
(1992, 186, 23, 7),
(1993, 186, 150, 1),
(1994, 186, 38, 8),
(1995, 186, 65, 9),
(1996, 186, 117, 16),
(1997, 186, 142, 9),
(1998, 186, 149, 17),
(1999, 186, 14, 12),
(2000, 186, 146, 8),
(2001, 186, 69, 7),
(2002, 186, 6, 3),
(2003, 187, 124, 8),
(2004, 187, 134, 6),
(2005, 187, 63, 1),
(2006, 187, 51, 3),
(2007, 187, 31, 14),
(2008, 187, 11, 5),
(2009, 187, 143, 9),
(2010, 187, 101, 7),
(2011, 187, 22, 9),
(2012, 187, 34, 12),
(2013, 188, 4, 13),
(2014, 188, 150, 19),
(2015, 188, 6, 8),
(2016, 188, 42, 2),
(2017, 188, 78, 14),
(2018, 188, 136, 18),
(2019, 188, 84, 3),
(2020, 188, 43, 12),
(2021, 189, 65, 15),
(2022, 189, 17, 10),
(2023, 189, 156, 20),
(2024, 189, 141, 12),
(2025, 189, 52, 1),
(2026, 189, 2, 11),
(2027, 189, 92, 7),
(2028, 189, 89, 5),
(2029, 189, 45, 10),
(2030, 189, 40, 13),
(2031, 190, 51, 3),
(2032, 190, 68, 4),
(2033, 190, 158, 19),
(2034, 190, 48, 5),
(2035, 190, 81, 15),
(2036, 190, 104, 5),
(2037, 190, 137, 3),
(2038, 190, 34, 17),
(2039, 190, 158, 16),
(2040, 190, 25, 20),
(2041, 190, 130, 14),
(2042, 190, 90, 4),
(2043, 190, 38, 16),
(2044, 190, 69, 15),
(2045, 190, 2, 2),
(2046, 191, 26, 18),
(2047, 191, 78, 3),
(2048, 191, 129, 16),
(2049, 191, 62, 6),
(2050, 191, 84, 1),
(2051, 191, 87, 8),
(2052, 191, 20, 15),
(2053, 191, 34, 3),
(2054, 192, 58, 2),
(2055, 192, 57, 1),
(2056, 192, 104, 11),
(2057, 192, 44, 9),
(2058, 192, 151, 20),
(2059, 192, 67, 20),
(2060, 192, 67, 15),
(2061, 192, 23, 6),
(2062, 192, 35, 6),
(2063, 192, 12, 20),
(2064, 192, 107, 8),
(2065, 192, 82, 14),
(2066, 193, 142, 17),
(2067, 193, 106, 2),
(2068, 193, 146, 5),
(2069, 193, 72, 20),
(2070, 193, 90, 10),
(2071, 193, 102, 2),
(2072, 193, 121, 1),
(2073, 193, 160, 15),
(2074, 193, 73, 20),
(2075, 193, 23, 4),
(2076, 193, 19, 9),
(2077, 193, 65, 8),
(2078, 193, 79, 8),
(2079, 193, 9, 18),
(2080, 193, 145, 15),
(2081, 193, 123, 16),
(2082, 193, 87, 9),
(2083, 193, 139, 9),
(2084, 193, 100, 6),
(2085, 194, 28, 16),
(2086, 194, 11, 5),
(2087, 194, 86, 3),
(2088, 194, 36, 6),
(2089, 194, 89, 4),
(2090, 194, 65, 15),
(2091, 194, 51, 17),
(2092, 194, 22, 15),
(2093, 194, 50, 11),
(2094, 194, 124, 4),
(2095, 195, 81, 19),
(2096, 195, 33, 1),
(2097, 195, 55, 2),
(2098, 195, 79, 20),
(2099, 195, 58, 19),
(2100, 195, 21, 3),
(2101, 195, 160, 8),
(2102, 195, 108, 2),
(2103, 195, 94, 19),
(2104, 195, 104, 16),
(2105, 196, 61, 2),
(2106, 196, 23, 11),
(2107, 196, 131, 9),
(2108, 196, 7, 12),
(2109, 196, 98, 10),
(2110, 196, 12, 11),
(2111, 196, 108, 3),
(2112, 196, 140, 15),
(2113, 197, 133, 2),
(2114, 197, 84, 20),
(2115, 197, 36, 11),
(2116, 197, 51, 18),
(2117, 197, 97, 18),
(2118, 197, 132, 5),
(2119, 197, 110, 3),
(2120, 197, 101, 16),
(2121, 197, 46, 3),
(2122, 197, 94, 15),
(2123, 197, 29, 4),
(2124, 197, 53, 13),
(2125, 197, 38, 18),
(2126, 198, 56, 15),
(2127, 198, 5, 19),
(2128, 198, 89, 3),
(2129, 198, 75, 11),
(2130, 198, 54, 20),
(2131, 198, 132, 5),
(2132, 198, 93, 15),
(2133, 199, 133, 8),
(2134, 199, 30, 9),
(2135, 200, 75, 12),
(2136, 200, 121, 4),
(2137, 200, 122, 19),
(2138, 200, 83, 8),
(2139, 200, 22, 8),
(2140, 201, 78, 2),
(2141, 201, 118, 9),
(2142, 201, 104, 17),
(2143, 201, 144, 3),
(2144, 201, 28, 18),
(2145, 201, 155, 8),
(2146, 201, 71, 14),
(2147, 201, 70, 6),
(2148, 201, 11, 13),
(2149, 201, 114, 5),
(2150, 201, 13, 6),
(2151, 201, 159, 6),
(2152, 201, 7, 18),
(2153, 201, 124, 9),
(2154, 201, 4, 3),
(2155, 202, 81, 5),
(2156, 202, 140, 19),
(2157, 202, 140, 15),
(2158, 202, 131, 1),
(2159, 203, 110, 20),
(2160, 203, 44, 3),
(2161, 203, 105, 15),
(2162, 203, 61, 15),
(2163, 203, 52, 2),
(2164, 203, 154, 8),
(2165, 203, 59, 19),
(2166, 203, 106, 9),
(2167, 203, 133, 9),
(2168, 203, 136, 17),
(2169, 203, 90, 20),
(2170, 203, 55, 16),
(2171, 203, 135, 6),
(2172, 203, 106, 11),
(2173, 203, 13, 14),
(2174, 203, 68, 16),
(2175, 203, 104, 14),
(2176, 203, 141, 6),
(2177, 204, 41, 1),
(2178, 204, 115, 7),
(2179, 204, 156, 3),
(2180, 204, 113, 19),
(2181, 204, 123, 3),
(2182, 204, 116, 4),
(2183, 204, 153, 12),
(2184, 204, 120, 19),
(2185, 204, 145, 11),
(2186, 205, 27, 4),
(2187, 205, 49, 5),
(2188, 205, 138, 15),
(2189, 205, 160, 10),
(2190, 205, 65, 18),
(2191, 205, 128, 16),
(2192, 205, 19, 17),
(2193, 205, 82, 10),
(2194, 205, 125, 13),
(2195, 205, 25, 14),
(2196, 205, 61, 6),
(2197, 205, 64, 12),
(2198, 205, 32, 20),
(2199, 205, 49, 3),
(2200, 205, 138, 17),
(2201, 205, 141, 1),
(2202, 206, 28, 6),
(2203, 206, 139, 18),
(2204, 207, 58, 6),
(2205, 207, 19, 4),
(2206, 207, 15, 5),
(2207, 207, 155, 12),
(2208, 207, 110, 15),
(2209, 207, 35, 17),
(2210, 208, 96, 2),
(2211, 208, 130, 4),
(2212, 208, 46, 16),
(2213, 208, 73, 9),
(2214, 208, 99, 6),
(2215, 208, 45, 13),
(2216, 208, 47, 9),
(2217, 208, 143, 3),
(2218, 208, 55, 3),
(2219, 209, 102, 5),
(2220, 209, 107, 15),
(2221, 209, 77, 13),
(2222, 209, 51, 4),
(2223, 209, 58, 11),
(2224, 209, 160, 16),
(2225, 209, 20, 2),
(2226, 209, 92, 6),
(2227, 209, 58, 7),
(2228, 209, 117, 16),
(2229, 209, 151, 20),
(2230, 210, 91, 6),
(2231, 210, 78, 9),
(2232, 211, 133, 12),
(2233, 211, 152, 10),
(2234, 211, 133, 13),
(2235, 211, 28, 7),
(2236, 211, 37, 10),
(2237, 211, 75, 12),
(2238, 211, 3, 10),
(2239, 211, 57, 3),
(2240, 211, 85, 19),
(2241, 211, 66, 18),
(2242, 212, 22, 13),
(2243, 212, 30, 3),
(2244, 212, 110, 15),
(2245, 212, 67, 4),
(2246, 212, 32, 17),
(2247, 212, 159, 16),
(2248, 213, 71, 13),
(2249, 213, 63, 13),
(2250, 213, 146, 13),
(2251, 213, 16, 8),
(2252, 213, 32, 3),
(2253, 213, 132, 11),
(2254, 213, 41, 7),
(2255, 213, 75, 14),
(2256, 213, 37, 15),
(2257, 213, 128, 18),
(2258, 213, 145, 19),
(2259, 213, 89, 13),
(2260, 213, 54, 15),
(2261, 213, 136, 4),
(2262, 213, 113, 13),
(2263, 213, 155, 3),
(2264, 214, 56, 15),
(2265, 214, 20, 20),
(2266, 214, 136, 10),
(2267, 214, 25, 20),
(2268, 214, 48, 14),
(2269, 214, 34, 13),
(2270, 215, 140, 18),
(2271, 215, 141, 14),
(2272, 215, 119, 16),
(2273, 215, 93, 6),
(2274, 215, 67, 19),
(2275, 216, 42, 2),
(2276, 216, 113, 18),
(2277, 216, 8, 17),
(2278, 216, 15, 8),
(2279, 216, 94, 5),
(2280, 216, 57, 9),
(2281, 216, 112, 11),
(2282, 216, 61, 20),
(2283, 216, 33, 12),
(2284, 216, 102, 8),
(2285, 216, 73, 10),
(2286, 216, 39, 3),
(2287, 216, 37, 1),
(2288, 216, 111, 11),
(2289, 216, 68, 12),
(2290, 216, 83, 14),
(2291, 216, 110, 5),
(2292, 216, 89, 15),
(2293, 216, 8, 13),
(2294, 216, 20, 13),
(2295, 217, 77, 2),
(2296, 217, 88, 20),
(2297, 217, 70, 11),
(2298, 217, 30, 1),
(2299, 217, 27, 11),
(2300, 217, 76, 14),
(2301, 217, 127, 12),
(2302, 217, 143, 16),
(2303, 217, 43, 8),
(2304, 217, 35, 18),
(2305, 217, 147, 18),
(2306, 217, 88, 3),
(2307, 217, 72, 6),
(2308, 217, 27, 2),
(2309, 217, 63, 16),
(2310, 217, 151, 18),
(2311, 217, 137, 10),
(2312, 217, 136, 6),
(2313, 218, 4, 7),
(2314, 218, 30, 12),
(2315, 219, 58, 7),
(2316, 219, 118, 4),
(2317, 219, 99, 3),
(2318, 219, 59, 10),
(2319, 219, 7, 6),
(2320, 219, 2, 4),
(2321, 219, 113, 6),
(2322, 219, 52, 16),
(2323, 219, 108, 3),
(2324, 219, 116, 11),
(2325, 219, 156, 4),
(2326, 219, 61, 5),
(2327, 219, 35, 8),
(2328, 219, 89, 9),
(2329, 219, 156, 7),
(2330, 219, 40, 7),
(2331, 219, 108, 20),
(2332, 219, 77, 6),
(2333, 220, 136, 15),
(2334, 220, 24, 2),
(2335, 220, 123, 7),
(2336, 220, 129, 1),
(2337, 221, 94, 15),
(2338, 221, 119, 7),
(2339, 221, 39, 15),
(2340, 221, 81, 13),
(2341, 221, 154, 15),
(2342, 221, 2, 10),
(2343, 221, 20, 20),
(2344, 221, 132, 8),
(2345, 221, 49, 10),
(2346, 221, 56, 16),
(2347, 221, 123, 10),
(2348, 221, 100, 11),
(2349, 221, 97, 15),
(2350, 222, 146, 11),
(2351, 222, 50, 11),
(2352, 222, 17, 1),
(2353, 222, 43, 9),
(2354, 222, 41, 20),
(2355, 222, 146, 18),
(2356, 222, 148, 13),
(2357, 223, 68, 15),
(2358, 223, 137, 5),
(2359, 223, 18, 3),
(2360, 223, 116, 10),
(2361, 223, 149, 10),
(2362, 223, 147, 11),
(2363, 223, 160, 11),
(2364, 223, 42, 6),
(2365, 223, 67, 16),
(2366, 223, 91, 19),
(2367, 223, 142, 12),
(2368, 223, 33, 6),
(2369, 223, 134, 4),
(2370, 223, 30, 14),
(2371, 223, 15, 17),
(2372, 223, 91, 11),
(2373, 223, 88, 9),
(2374, 223, 120, 14),
(2375, 224, 74, 3),
(2376, 224, 77, 19),
(2377, 224, 3, 1),
(2378, 224, 150, 11),
(2379, 224, 45, 4),
(2380, 224, 152, 2),
(2381, 224, 120, 18),
(2382, 224, 150, 7),
(2383, 224, 15, 5),
(2384, 224, 25, 6),
(2385, 224, 64, 17),
(2386, 224, 57, 5),
(2387, 225, 138, 15),
(2388, 225, 131, 12),
(2389, 225, 65, 8),
(2390, 225, 9, 11),
(2391, 225, 136, 20),
(2392, 225, 85, 18),
(2393, 225, 148, 2),
(2394, 225, 22, 2),
(2395, 225, 161, 4),
(2396, 226, 142, 3),
(2397, 226, 27, 20),
(2398, 226, 53, 7),
(2399, 226, 38, 15),
(2400, 226, 25, 12),
(2401, 226, 149, 12),
(2402, 226, 70, 14),
(2403, 226, 59, 1),
(2404, 226, 11, 15),
(2405, 226, 13, 12),
(2406, 226, 92, 2),
(2407, 226, 16, 9),
(2408, 226, 159, 3),
(2409, 226, 91, 2),
(2410, 226, 24, 15),
(2411, 226, 149, 1),
(2412, 226, 139, 2),
(2413, 227, 31, 9),
(2414, 227, 37, 19),
(2415, 227, 90, 17),
(2416, 227, 135, 3),
(2417, 227, 39, 11),
(2418, 227, 77, 6),
(2419, 227, 93, 5),
(2420, 227, 56, 3),
(2421, 227, 125, 9),
(2422, 227, 39, 4),
(2423, 227, 65, 8),
(2424, 227, 122, 10),
(2425, 227, 86, 11),
(2426, 227, 67, 12),
(2427, 227, 59, 10),
(2428, 227, 90, 12),
(2429, 227, 145, 16),
(2430, 227, 75, 10),
(2431, 227, 95, 7),
(2432, 227, 91, 17),
(2433, 228, 6, 2),
(2434, 228, 61, 5),
(2435, 228, 70, 11),
(2436, 228, 2, 17),
(2437, 228, 124, 5),
(2438, 228, 40, 4),
(2439, 228, 155, 15),
(2440, 228, 112, 10),
(2441, 228, 23, 5),
(2442, 228, 133, 13),
(2443, 228, 130, 8),
(2444, 228, 87, 12),
(2445, 228, 136, 20),
(2446, 228, 28, 3),
(2447, 228, 89, 20),
(2448, 228, 153, 12),
(2449, 228, 13, 7),
(2450, 229, 82, 18),
(2451, 229, 134, 8),
(2452, 229, 100, 1),
(2453, 229, 97, 16),
(2454, 229, 160, 7),
(2455, 229, 75, 10),
(2456, 229, 77, 15),
(2457, 229, 45, 3),
(2458, 229, 84, 13),
(2459, 229, 106, 3),
(2460, 229, 79, 13),
(2461, 229, 44, 13),
(2462, 229, 32, 6),
(2463, 229, 94, 16),
(2464, 229, 55, 19),
(2465, 229, 97, 17),
(2466, 229, 123, 9),
(2467, 230, 61, 10),
(2468, 230, 130, 3),
(2469, 230, 73, 3),
(2470, 230, 99, 19),
(2471, 230, 99, 7),
(2472, 231, 117, 17),
(2473, 231, 133, 8),
(2474, 231, 152, 7),
(2475, 231, 4, 5),
(2476, 231, 153, 5),
(2477, 232, 85, 20),
(2478, 232, 130, 9),
(2479, 232, 96, 14),
(2480, 232, 31, 1),
(2481, 232, 138, 12),
(2482, 232, 77, 14),
(2483, 232, 116, 19),
(2484, 232, 127, 7),
(2485, 232, 134, 8),
(2486, 232, 106, 1),
(2487, 233, 81, 17),
(2488, 233, 81, 9),
(2489, 233, 24, 11),
(2490, 233, 106, 2),
(2491, 234, 21, 13),
(2492, 234, 118, 19),
(2493, 234, 9, 7),
(2494, 234, 95, 5),
(2495, 234, 55, 9),
(2496, 234, 131, 17),
(2497, 234, 15, 11),
(2498, 234, 120, 18),
(2499, 234, 139, 12),
(2500, 234, 45, 11),
(2501, 234, 94, 9),
(2502, 234, 3, 9),
(2503, 234, 146, 10),
(2504, 234, 91, 9),
(2505, 234, 19, 14),
(2506, 234, 27, 5),
(2507, 235, 145, 4),
(2508, 235, 53, 5),
(2509, 235, 123, 12),
(2510, 235, 90, 4),
(2511, 235, 61, 8),
(2512, 235, 46, 19),
(2513, 235, 19, 4),
(2514, 236, 111, 9),
(2515, 236, 45, 6),
(2516, 236, 136, 6),
(2517, 236, 110, 15),
(2518, 236, 122, 5),
(2519, 236, 28, 18),
(2520, 236, 145, 7),
(2521, 236, 19, 4),
(2522, 236, 37, 6),
(2523, 236, 79, 9),
(2524, 236, 8, 2),
(2525, 236, 1, 5),
(2526, 236, 70, 8),
(2527, 236, 85, 7),
(2528, 236, 79, 14),
(2529, 236, 17, 4),
(2530, 237, 61, 9),
(2531, 237, 157, 14),
(2532, 237, 21, 15),
(2533, 237, 70, 8),
(2534, 238, 49, 6),
(2535, 238, 36, 9),
(2536, 238, 70, 9),
(2537, 238, 114, 19),
(2538, 238, 144, 15),
(2539, 238, 158, 18),
(2540, 238, 160, 9),
(2541, 238, 43, 11),
(2542, 238, 121, 16),
(2543, 238, 33, 17),
(2544, 238, 149, 7),
(2545, 238, 37, 8),
(2546, 238, 49, 18),
(2547, 238, 80, 1),
(2548, 238, 53, 18),
(2549, 238, 145, 13),
(2550, 238, 21, 3),
(2551, 238, 8, 12),
(2552, 239, 121, 10),
(2553, 239, 74, 10),
(2554, 239, 74, 8),
(2555, 239, 79, 18),
(2556, 239, 100, 1),
(2557, 239, 99, 8),
(2558, 239, 34, 10),
(2559, 239, 48, 11),
(2560, 239, 111, 14),
(2561, 239, 137, 12),
(2562, 239, 26, 18),
(2563, 239, 147, 1),
(2564, 240, 88, 3),
(2565, 240, 142, 12),
(2566, 240, 114, 9),
(2567, 240, 55, 4),
(2568, 240, 146, 17),
(2569, 240, 102, 6),
(2570, 240, 54, 10),
(2571, 240, 141, 7),
(2572, 240, 18, 5),
(2573, 240, 89, 12),
(2574, 240, 86, 2),
(2575, 240, 41, 4),
(2576, 240, 152, 17),
(2577, 240, 57, 17),
(2578, 240, 120, 8),
(2579, 240, 91, 6),
(2580, 241, 72, 18),
(2581, 241, 35, 18),
(2582, 241, 35, 8),
(2583, 241, 128, 2),
(2584, 241, 5, 1),
(2585, 241, 63, 11),
(2586, 241, 149, 15),
(2587, 241, 102, 4),
(2588, 241, 44, 4),
(2589, 241, 112, 8),
(2590, 241, 73, 18),
(2591, 242, 46, 5),
(2592, 242, 17, 1),
(2593, 242, 98, 14),
(2594, 242, 51, 3),
(2595, 242, 18, 4),
(2596, 242, 55, 1),
(2597, 242, 66, 15),
(2598, 243, 75, 16),
(2599, 243, 137, 18),
(2600, 243, 46, 16),
(2601, 243, 93, 19),
(2602, 243, 150, 17),
(2603, 243, 19, 13),
(2604, 243, 33, 12),
(2605, 243, 82, 11),
(2606, 243, 137, 15),
(2607, 243, 98, 18),
(2608, 243, 56, 6),
(2609, 243, 30, 10),
(2610, 243, 62, 8),
(2611, 243, 130, 8),
(2612, 243, 126, 11),
(2613, 243, 30, 5),
(2614, 243, 48, 1),
(2615, 244, 94, 16),
(2616, 244, 108, 10),
(2617, 244, 118, 11),
(2618, 245, 57, 15),
(2619, 245, 29, 18),
(2620, 245, 36, 1),
(2621, 245, 97, 17),
(2622, 245, 145, 19),
(2623, 245, 15, 2),
(2624, 245, 68, 10),
(2625, 245, 73, 5),
(2626, 245, 138, 5),
(2627, 245, 122, 1),
(2628, 245, 77, 2),
(2629, 245, 12, 12),
(2630, 245, 102, 18),
(2631, 246, 22, 12),
(2632, 246, 121, 15),
(2633, 246, 153, 10),
(2634, 246, 149, 17),
(2635, 246, 110, 19),
(2636, 246, 67, 10),
(2637, 247, 58, 12),
(2638, 247, 149, 16),
(2639, 247, 11, 8),
(2640, 247, 161, 19),
(2641, 247, 99, 16),
(2642, 247, 155, 2),
(2643, 247, 130, 1),
(2644, 247, 106, 9),
(2645, 247, 145, 18),
(2646, 247, 92, 10),
(2647, 247, 103, 7),
(2648, 247, 73, 2),
(2649, 247, 39, 6),
(2650, 247, 125, 4),
(2651, 247, 108, 6),
(2652, 247, 5, 1),
(2653, 247, 140, 20),
(2654, 247, 130, 19),
(2655, 248, 129, 18),
(2656, 248, 152, 12),
(2657, 248, 131, 1),
(2658, 248, 58, 17),
(2659, 248, 110, 16),
(2660, 248, 120, 12),
(2661, 248, 58, 5),
(2662, 248, 34, 14),
(2663, 249, 50, 19),
(2664, 249, 152, 2),
(2665, 249, 16, 13),
(2666, 249, 58, 3),
(2667, 249, 103, 5),
(2668, 249, 13, 9),
(2669, 249, 25, 9),
(2670, 249, 39, 1),
(2671, 249, 58, 16),
(2672, 249, 132, 8),
(2673, 249, 24, 14),
(2674, 249, 11, 19),
(2675, 249, 64, 13),
(2676, 249, 48, 13),
(2677, 249, 137, 20),
(2678, 250, 25, 18),
(2679, 250, 43, 5),
(2680, 250, 157, 18),
(2681, 250, 96, 2),
(2682, 250, 82, 17),
(2683, 250, 29, 19),
(2684, 250, 156, 12),
(2685, 250, 29, 20),
(2686, 251, 156, 16),
(2687, 251, 53, 3),
(2688, 251, 72, 8),
(2689, 251, 9, 17),
(2690, 251, 5, 7),
(2691, 251, 77, 18),
(2692, 251, 52, 16),
(2693, 251, 5, 4),
(2694, 251, 10, 6),
(2695, 251, 28, 19),
(2696, 251, 138, 6),
(2697, 251, 71, 14),
(2698, 251, 73, 8),
(2699, 251, 102, 1),
(2700, 251, 91, 13),
(2701, 251, 159, 11),
(2702, 251, 64, 7),
(2703, 251, 104, 17),
(2704, 251, 115, 14),
(2705, 252, 119, 1),
(2706, 252, 25, 13),
(2707, 252, 58, 20),
(2708, 252, 104, 12),
(2709, 252, 3, 19),
(2710, 252, 117, 19),
(2711, 252, 122, 20),
(2712, 252, 63, 9),
(2713, 252, 72, 16),
(2714, 252, 9, 10),
(2715, 252, 54, 14),
(2716, 252, 76, 18),
(2717, 252, 9, 16),
(2718, 252, 82, 18),
(2719, 253, 32, 12),
(2720, 253, 37, 5),
(2721, 253, 117, 17),
(2722, 253, 97, 14),
(2723, 253, 79, 4),
(2724, 253, 111, 8),
(2725, 253, 142, 13),
(2726, 253, 24, 18),
(2727, 253, 4, 12),
(2728, 253, 51, 16),
(2729, 253, 101, 16),
(2730, 254, 46, 6),
(2731, 254, 159, 7),
(2732, 254, 8, 10),
(2733, 254, 37, 11),
(2734, 255, 128, 16),
(2735, 255, 150, 11),
(2736, 255, 98, 11),
(2737, 255, 31, 2),
(2738, 255, 110, 18),
(2739, 255, 79, 12),
(2740, 255, 83, 13),
(2741, 255, 70, 11),
(2742, 255, 34, 15),
(2743, 255, 52, 17),
(2744, 255, 88, 9),
(2745, 255, 19, 17),
(2746, 255, 68, 10),
(2747, 255, 138, 19),
(2748, 255, 110, 8),
(2749, 256, 77, 3),
(2750, 256, 84, 20),
(2751, 256, 122, 1),
(2752, 256, 29, 17),
(2753, 256, 117, 2),
(2754, 256, 54, 6),
(2755, 256, 92, 20),
(2756, 256, 115, 3),
(2757, 256, 29, 10),
(2758, 256, 69, 1),
(2759, 256, 161, 18),
(2760, 256, 20, 17),
(2761, 256, 46, 12),
(2762, 257, 32, 6),
(2763, 257, 8, 16);
INSERT INTO `transPenjualan` (`id`, `penjualan`, `produk`, `jumlah`) VALUES
(2764, 257, 118, 4),
(2765, 257, 50, 15),
(2766, 257, 154, 8),
(2767, 257, 145, 17),
(2768, 257, 13, 20),
(2769, 257, 22, 8),
(2770, 257, 85, 3),
(2771, 257, 11, 13),
(2772, 257, 45, 11),
(2773, 257, 9, 6),
(2774, 257, 84, 19),
(2775, 257, 66, 7),
(2776, 258, 158, 20),
(2777, 258, 64, 5),
(2778, 258, 6, 4),
(2779, 258, 155, 5),
(2780, 258, 80, 14),
(2781, 259, 136, 12),
(2782, 259, 159, 19),
(2783, 259, 86, 3),
(2784, 259, 44, 2),
(2785, 259, 37, 7),
(2786, 260, 138, 15),
(2787, 260, 127, 8),
(2788, 260, 104, 4),
(2789, 260, 112, 17),
(2790, 260, 28, 14),
(2791, 260, 39, 9),
(2792, 260, 116, 9),
(2793, 260, 60, 19),
(2794, 260, 147, 1),
(2795, 260, 21, 16),
(2796, 260, 101, 3),
(2797, 261, 25, 5),
(2798, 261, 153, 5),
(2799, 261, 74, 6),
(2800, 261, 143, 20),
(2801, 261, 22, 13),
(2802, 261, 122, 11),
(2803, 261, 43, 19),
(2804, 261, 32, 3),
(2805, 261, 20, 18),
(2806, 261, 56, 11),
(2807, 261, 96, 16),
(2808, 261, 145, 11),
(2809, 261, 109, 19),
(2810, 261, 108, 9),
(2811, 262, 127, 3),
(2812, 262, 115, 1),
(2813, 262, 8, 19),
(2814, 262, 78, 7),
(2815, 262, 131, 9),
(2816, 262, 74, 9),
(2817, 262, 32, 20),
(2818, 262, 112, 3),
(2819, 262, 25, 17),
(2820, 262, 42, 1),
(2821, 262, 25, 16),
(2822, 262, 101, 19),
(2823, 263, 27, 12),
(2824, 263, 101, 17),
(2825, 263, 4, 4),
(2826, 263, 101, 3),
(2827, 263, 145, 13),
(2828, 263, 28, 17),
(2829, 263, 20, 10),
(2830, 263, 102, 12),
(2831, 263, 153, 2),
(2832, 263, 122, 19),
(2833, 263, 121, 18),
(2834, 263, 10, 12),
(2835, 263, 25, 2),
(2836, 263, 114, 19),
(2837, 264, 101, 13),
(2838, 264, 144, 5),
(2839, 264, 39, 15),
(2840, 264, 39, 9),
(2841, 264, 57, 8),
(2842, 264, 53, 20),
(2843, 264, 86, 3),
(2844, 264, 18, 1),
(2845, 264, 125, 14),
(2846, 264, 157, 17),
(2847, 264, 69, 18),
(2848, 264, 94, 7),
(2849, 264, 152, 3),
(2850, 264, 77, 1),
(2851, 264, 137, 9),
(2852, 265, 76, 1),
(2853, 265, 105, 14),
(2854, 265, 45, 8),
(2855, 265, 149, 15),
(2856, 265, 118, 6),
(2857, 265, 5, 15),
(2858, 265, 132, 4),
(2859, 265, 134, 17),
(2860, 265, 154, 11),
(2861, 265, 131, 16),
(2862, 265, 150, 14),
(2863, 265, 59, 5),
(2864, 265, 103, 11),
(2865, 265, 117, 14),
(2866, 265, 57, 3),
(2867, 265, 71, 17),
(2868, 266, 15, 11),
(2869, 266, 72, 10),
(2870, 266, 70, 3),
(2871, 266, 32, 15),
(2872, 266, 29, 19),
(2873, 267, 58, 15),
(2874, 267, 60, 7),
(2875, 267, 40, 4),
(2876, 267, 15, 4),
(2877, 267, 142, 10),
(2878, 267, 69, 11),
(2879, 267, 155, 3),
(2880, 267, 32, 7),
(2881, 267, 46, 13),
(2882, 267, 21, 10),
(2883, 267, 117, 13),
(2884, 267, 146, 4),
(2885, 268, 9, 8),
(2886, 268, 126, 5),
(2887, 268, 50, 7),
(2888, 269, 9, 14),
(2889, 269, 144, 7),
(2890, 269, 140, 20),
(2891, 269, 77, 15),
(2892, 269, 70, 19),
(2893, 269, 43, 8),
(2894, 269, 8, 10),
(2895, 269, 113, 7),
(2896, 269, 15, 17),
(2897, 269, 127, 17),
(2898, 269, 74, 14),
(2899, 269, 1, 11),
(2900, 269, 120, 8),
(2901, 270, 157, 14),
(2902, 270, 100, 12),
(2903, 270, 121, 6),
(2904, 270, 72, 2),
(2905, 270, 27, 9),
(2906, 270, 86, 19),
(2907, 270, 138, 9),
(2908, 271, 40, 10),
(2909, 271, 103, 19),
(2910, 271, 131, 15),
(2911, 271, 124, 12),
(2912, 271, 87, 5),
(2913, 272, 87, 15),
(2914, 272, 6, 19),
(2915, 272, 8, 1),
(2916, 272, 102, 14),
(2917, 272, 90, 8),
(2918, 272, 156, 1),
(2919, 272, 70, 3),
(2920, 273, 155, 1),
(2921, 273, 46, 8),
(2922, 273, 36, 11),
(2923, 273, 140, 18),
(2924, 273, 76, 14),
(2925, 273, 94, 5),
(2926, 273, 45, 3),
(2927, 273, 74, 12),
(2928, 273, 107, 5),
(2929, 273, 97, 12),
(2930, 274, 97, 5),
(2931, 274, 148, 4),
(2932, 274, 98, 18),
(2933, 274, 26, 1),
(2934, 274, 2, 12),
(2935, 274, 161, 2),
(2936, 275, 63, 6),
(2937, 275, 64, 6),
(2938, 275, 22, 18),
(2939, 275, 152, 15),
(2940, 275, 15, 5),
(2941, 275, 136, 11),
(2942, 275, 127, 10),
(2943, 275, 121, 8),
(2944, 275, 15, 1),
(2945, 275, 160, 7),
(2946, 275, 148, 3),
(2947, 275, 148, 16),
(2948, 275, 50, 20),
(2949, 275, 130, 18),
(2950, 275, 154, 18),
(2951, 275, 123, 7),
(2952, 275, 23, 4),
(2953, 275, 98, 6),
(2954, 276, 88, 20),
(2955, 276, 17, 16),
(2956, 277, 105, 11),
(2957, 277, 54, 9),
(2958, 277, 151, 9),
(2959, 277, 65, 19),
(2960, 277, 119, 7),
(2961, 277, 12, 14),
(2962, 277, 19, 8),
(2963, 277, 99, 19),
(2964, 277, 44, 12),
(2965, 277, 126, 1),
(2966, 277, 147, 19),
(2967, 277, 30, 11),
(2968, 277, 33, 4),
(2969, 277, 10, 4),
(2970, 277, 48, 17),
(2971, 277, 6, 19),
(2972, 277, 61, 8),
(2973, 278, 50, 16),
(2974, 278, 121, 5),
(2975, 278, 86, 2),
(2976, 278, 49, 4),
(2977, 278, 30, 14),
(2978, 278, 128, 3),
(2979, 278, 154, 8),
(2980, 278, 143, 20),
(2981, 279, 130, 4),
(2982, 279, 127, 1),
(2983, 279, 58, 18),
(2984, 279, 33, 14),
(2985, 279, 109, 5),
(2986, 279, 97, 1),
(2987, 279, 97, 19),
(2988, 280, 63, 14),
(2989, 280, 95, 19),
(2990, 280, 123, 18),
(2991, 280, 17, 19),
(2992, 280, 92, 18),
(2993, 280, 8, 11),
(2994, 280, 41, 19),
(2995, 280, 81, 11),
(2996, 281, 108, 7),
(2997, 281, 119, 1),
(2998, 281, 27, 19),
(2999, 281, 109, 17),
(3000, 281, 28, 6),
(3001, 281, 144, 16),
(3002, 281, 36, 5),
(3003, 281, 25, 19),
(3004, 281, 134, 2),
(3005, 281, 109, 15),
(3006, 281, 28, 13),
(3007, 281, 47, 2),
(3008, 281, 107, 17),
(3009, 281, 52, 12),
(3010, 281, 50, 17),
(3011, 282, 157, 4),
(3012, 282, 10, 20),
(3013, 282, 53, 20),
(3014, 282, 109, 4),
(3015, 282, 27, 19),
(3016, 282, 10, 19),
(3017, 282, 27, 7),
(3018, 282, 14, 2),
(3019, 283, 26, 16),
(3020, 283, 138, 7),
(3021, 283, 60, 3),
(3022, 283, 64, 1),
(3023, 284, 115, 13),
(3024, 284, 42, 12),
(3025, 284, 151, 5),
(3026, 284, 117, 20),
(3027, 284, 38, 1),
(3028, 284, 159, 19),
(3029, 284, 35, 3),
(3030, 284, 137, 6),
(3031, 284, 13, 1),
(3032, 284, 93, 4),
(3033, 284, 16, 15),
(3034, 284, 52, 17),
(3035, 284, 91, 14),
(3036, 284, 35, 15),
(3037, 284, 8, 5),
(3038, 284, 106, 16),
(3039, 284, 138, 19),
(3040, 284, 52, 16),
(3041, 284, 25, 1),
(3042, 284, 126, 8),
(3043, 285, 124, 6),
(3044, 285, 50, 19),
(3045, 285, 22, 12),
(3046, 286, 25, 4),
(3047, 286, 26, 5),
(3048, 286, 140, 10),
(3049, 286, 15, 9),
(3050, 286, 22, 7),
(3051, 286, 22, 4),
(3052, 286, 89, 16),
(3053, 286, 151, 9),
(3054, 286, 115, 6),
(3055, 286, 32, 18),
(3056, 286, 48, 20),
(3057, 286, 39, 8),
(3058, 286, 120, 11),
(3059, 286, 113, 14),
(3060, 286, 106, 6),
(3061, 286, 105, 17),
(3062, 286, 71, 17),
(3063, 286, 9, 7),
(3064, 286, 48, 3),
(3065, 286, 118, 9),
(3066, 287, 140, 13),
(3067, 287, 1, 14),
(3068, 287, 88, 9),
(3069, 287, 60, 17),
(3070, 287, 97, 5),
(3071, 287, 17, 12),
(3072, 287, 77, 10),
(3073, 287, 52, 20),
(3074, 287, 30, 20),
(3075, 287, 106, 10),
(3076, 288, 75, 18),
(3077, 288, 70, 11),
(3078, 288, 33, 15),
(3079, 288, 107, 19),
(3080, 288, 26, 3),
(3081, 288, 129, 16),
(3082, 288, 19, 10),
(3083, 288, 51, 11),
(3084, 288, 134, 3),
(3085, 288, 20, 2),
(3086, 288, 35, 14),
(3087, 288, 87, 15),
(3088, 288, 3, 11),
(3089, 289, 160, 4),
(3090, 289, 57, 13),
(3091, 289, 107, 5),
(3092, 289, 8, 4),
(3093, 289, 73, 16),
(3094, 289, 136, 8),
(3095, 289, 151, 20),
(3096, 289, 30, 15),
(3097, 289, 13, 13),
(3098, 289, 3, 12),
(3099, 289, 77, 3),
(3100, 289, 116, 11),
(3101, 289, 56, 9),
(3102, 289, 13, 1),
(3103, 289, 71, 13),
(3104, 289, 150, 9),
(3105, 289, 131, 6),
(3106, 289, 7, 10),
(3107, 290, 15, 14),
(3108, 290, 158, 18),
(3109, 290, 80, 8),
(3110, 290, 130, 10),
(3111, 290, 88, 11),
(3112, 290, 86, 4),
(3113, 290, 85, 3),
(3114, 290, 106, 14),
(3115, 290, 137, 4),
(3116, 290, 161, 6),
(3117, 290, 44, 1),
(3118, 290, 113, 18),
(3119, 291, 21, 14),
(3120, 291, 41, 4),
(3121, 291, 27, 16),
(3122, 291, 42, 17),
(3123, 291, 122, 3),
(3124, 291, 51, 3),
(3125, 291, 151, 16),
(3126, 291, 107, 9),
(3127, 291, 48, 17),
(3128, 291, 156, 9),
(3129, 291, 80, 13),
(3130, 291, 44, 14),
(3131, 291, 100, 11),
(3132, 291, 154, 14),
(3133, 291, 38, 17),
(3134, 291, 101, 8),
(3135, 291, 85, 18),
(3136, 291, 86, 14),
(3137, 291, 105, 16),
(3138, 291, 82, 9),
(3139, 292, 132, 11),
(3140, 292, 138, 12),
(3141, 292, 31, 6),
(3142, 292, 142, 1),
(3143, 292, 43, 7),
(3144, 292, 85, 18),
(3145, 292, 92, 5),
(3146, 292, 81, 3),
(3147, 292, 27, 4),
(3148, 292, 55, 20),
(3149, 292, 126, 15),
(3150, 292, 85, 14),
(3151, 292, 38, 5),
(3152, 292, 50, 1),
(3153, 292, 117, 15),
(3154, 292, 152, 11),
(3155, 292, 40, 16),
(3156, 292, 20, 9),
(3157, 292, 14, 1),
(3158, 293, 57, 7),
(3159, 293, 159, 5),
(3160, 293, 141, 4),
(3161, 293, 119, 20),
(3162, 293, 58, 18),
(3163, 293, 52, 8),
(3164, 293, 109, 1),
(3165, 293, 142, 7),
(3166, 293, 41, 2),
(3167, 293, 103, 6),
(3168, 294, 57, 5),
(3169, 294, 58, 12),
(3170, 294, 161, 10),
(3171, 294, 5, 2),
(3172, 294, 79, 10),
(3173, 294, 71, 16),
(3174, 294, 76, 14),
(3175, 294, 107, 14),
(3176, 294, 66, 13),
(3177, 294, 4, 6),
(3178, 294, 155, 8),
(3179, 294, 157, 20),
(3180, 294, 41, 6),
(3181, 294, 37, 7),
(3182, 294, 151, 10),
(3183, 294, 27, 6),
(3184, 294, 114, 11),
(3185, 295, 114, 1),
(3186, 295, 147, 16),
(3187, 295, 80, 8),
(3188, 295, 37, 6),
(3189, 295, 140, 18),
(3190, 295, 153, 11),
(3191, 295, 49, 12),
(3192, 295, 89, 12),
(3193, 295, 89, 19),
(3194, 295, 92, 11),
(3195, 295, 29, 18),
(3196, 295, 122, 11),
(3197, 295, 130, 6),
(3198, 295, 112, 2),
(3199, 295, 155, 5),
(3200, 295, 157, 14),
(3201, 295, 38, 18),
(3202, 295, 74, 15),
(3203, 296, 110, 1),
(3204, 296, 23, 12),
(3205, 296, 155, 14),
(3206, 296, 142, 11),
(3207, 296, 36, 10),
(3208, 296, 16, 3),
(3209, 296, 9, 13),
(3210, 297, 62, 17),
(3211, 297, 117, 13),
(3212, 297, 88, 17),
(3213, 297, 96, 16),
(3214, 297, 127, 6),
(3215, 297, 160, 14),
(3216, 297, 115, 15),
(3217, 297, 151, 8),
(3218, 297, 118, 2),
(3219, 297, 156, 14),
(3220, 297, 120, 17),
(3221, 297, 38, 20),
(3222, 297, 53, 7),
(3223, 297, 19, 8),
(3224, 297, 155, 9),
(3225, 297, 48, 7),
(3226, 297, 46, 1),
(3227, 297, 158, 17),
(3228, 297, 135, 12),
(3229, 298, 100, 17),
(3230, 298, 93, 6),
(3231, 298, 86, 6),
(3232, 298, 36, 19),
(3233, 298, 4, 6),
(3234, 298, 144, 15),
(3235, 298, 6, 15),
(3236, 298, 152, 1),
(3237, 298, 11, 6),
(3238, 298, 19, 9),
(3239, 298, 38, 11),
(3240, 298, 119, 12),
(3241, 298, 134, 16),
(3242, 299, 106, 12),
(3243, 299, 20, 5),
(3244, 299, 35, 19),
(3245, 299, 132, 10),
(3246, 299, 77, 3),
(3247, 299, 115, 8),
(3248, 299, 21, 1),
(3249, 299, 47, 17),
(3250, 299, 7, 1),
(3251, 299, 125, 1),
(3252, 299, 15, 1),
(3253, 299, 26, 11),
(3254, 300, 114, 6),
(3255, 300, 138, 11),
(3256, 300, 3, 9),
(3257, 300, 32, 13),
(3258, 300, 85, 9),
(3259, 300, 132, 10),
(3260, 300, 41, 7),
(3261, 301, 59, 1),
(3262, 301, 56, 10),
(3263, 301, 5, 13),
(3264, 301, 53, 2),
(3265, 301, 107, 3),
(3266, 301, 18, 15),
(3267, 301, 24, 6),
(3268, 301, 45, 9),
(3269, 301, 157, 11),
(3270, 301, 46, 11),
(3271, 301, 90, 14),
(3272, 301, 114, 4),
(3273, 301, 35, 3),
(3274, 301, 158, 14),
(3275, 301, 64, 6),
(3276, 301, 102, 16),
(3277, 301, 51, 20),
(3278, 301, 40, 7),
(3279, 301, 98, 12),
(3280, 302, 43, 14),
(3281, 302, 84, 1),
(3282, 302, 133, 16),
(3283, 302, 48, 6),
(3284, 302, 123, 17),
(3285, 302, 87, 6),
(3286, 302, 63, 5),
(3287, 302, 159, 11),
(3288, 302, 72, 3),
(3289, 303, 21, 11),
(3290, 303, 131, 16),
(3291, 303, 44, 3),
(3292, 303, 119, 11),
(3293, 303, 75, 7),
(3294, 303, 15, 18),
(3295, 303, 98, 16),
(3296, 303, 63, 13),
(3297, 303, 96, 4),
(3298, 303, 148, 17),
(3299, 303, 152, 16),
(3300, 304, 36, 3),
(3301, 304, 97, 5),
(3302, 304, 111, 1),
(3303, 304, 53, 5),
(3304, 304, 28, 17),
(3305, 304, 4, 19),
(3306, 304, 19, 3),
(3307, 304, 108, 13),
(3308, 304, 98, 1),
(3309, 305, 77, 13),
(3310, 305, 80, 18),
(3311, 305, 38, 2),
(3312, 305, 7, 4),
(3313, 305, 150, 20),
(3314, 305, 146, 7),
(3315, 305, 33, 1),
(3316, 305, 147, 9),
(3317, 305, 117, 20),
(3318, 305, 118, 19),
(3319, 305, 21, 12),
(3320, 305, 154, 2),
(3321, 305, 112, 2),
(3322, 305, 117, 7),
(3323, 305, 114, 15),
(3324, 306, 29, 7),
(3325, 306, 88, 1),
(3326, 307, 102, 2),
(3327, 307, 118, 12),
(3328, 307, 11, 13),
(3329, 307, 140, 6),
(3330, 307, 109, 16),
(3331, 307, 109, 9),
(3332, 307, 117, 9),
(3333, 307, 55, 17),
(3334, 307, 159, 6),
(3335, 307, 146, 14),
(3336, 307, 63, 13),
(3337, 307, 161, 2),
(3338, 308, 9, 6),
(3339, 308, 113, 12),
(3340, 308, 50, 6),
(3341, 308, 37, 8),
(3342, 308, 1, 16),
(3343, 308, 75, 13),
(3344, 308, 105, 15),
(3345, 308, 51, 9),
(3346, 309, 116, 3),
(3347, 309, 132, 2),
(3348, 309, 160, 17),
(3349, 309, 56, 18),
(3350, 309, 77, 15),
(3351, 309, 85, 10),
(3352, 309, 134, 18),
(3353, 309, 85, 2),
(3354, 309, 94, 3),
(3355, 310, 138, 8),
(3356, 310, 129, 18),
(3357, 310, 22, 6),
(3358, 310, 81, 16),
(3359, 310, 160, 17),
(3360, 310, 34, 9),
(3361, 310, 86, 8),
(3362, 310, 36, 12),
(3363, 310, 56, 1),
(3364, 311, 40, 10),
(3365, 311, 107, 16),
(3366, 311, 157, 10),
(3367, 311, 106, 10),
(3368, 311, 95, 5),
(3369, 311, 101, 20),
(3370, 311, 15, 20),
(3371, 311, 127, 20),
(3372, 311, 18, 1),
(3373, 311, 74, 18),
(3374, 311, 7, 6),
(3375, 311, 16, 9),
(3376, 311, 129, 9),
(3377, 311, 107, 8),
(3378, 311, 128, 14),
(3379, 311, 51, 1),
(3380, 311, 30, 20),
(3381, 311, 130, 4),
(3382, 311, 76, 10),
(3383, 312, 9, 14),
(3384, 312, 45, 1),
(3385, 312, 127, 5),
(3386, 312, 134, 15),
(3387, 312, 58, 18),
(3388, 312, 31, 5),
(3389, 312, 148, 10),
(3390, 312, 56, 8),
(3391, 312, 43, 16),
(3392, 312, 5, 13),
(3393, 312, 95, 15),
(3394, 312, 155, 13),
(3395, 312, 144, 19),
(3396, 312, 68, 1),
(3397, 313, 142, 15),
(3398, 313, 74, 12),
(3399, 313, 158, 10),
(3400, 313, 58, 5),
(3401, 313, 53, 2),
(3402, 313, 95, 5),
(3403, 313, 46, 17),
(3404, 313, 19, 15),
(3405, 313, 29, 10),
(3406, 314, 157, 11),
(3407, 314, 107, 12),
(3408, 315, 101, 4),
(3409, 315, 18, 12),
(3410, 315, 97, 4),
(3411, 315, 156, 10),
(3412, 315, 139, 9),
(3413, 315, 8, 17),
(3414, 316, 66, 2),
(3415, 316, 39, 10),
(3416, 316, 105, 9),
(3417, 316, 127, 10),
(3418, 316, 90, 11),
(3419, 316, 107, 1),
(3420, 316, 88, 13),
(3421, 316, 88, 5),
(3422, 316, 32, 16),
(3423, 316, 133, 8),
(3424, 316, 140, 8),
(3425, 316, 157, 1),
(3426, 316, 57, 9),
(3427, 316, 144, 16),
(3428, 316, 81, 15),
(3429, 316, 111, 19),
(3430, 316, 129, 19),
(3431, 316, 65, 9),
(3432, 316, 60, 4),
(3433, 317, 150, 15),
(3434, 317, 97, 20),
(3435, 317, 42, 5),
(3436, 317, 82, 10),
(3437, 317, 70, 6),
(3438, 317, 46, 17),
(3439, 317, 22, 14),
(3440, 317, 125, 4),
(3441, 317, 3, 5),
(3442, 317, 8, 16),
(3443, 317, 117, 16),
(3444, 317, 76, 13),
(3445, 317, 93, 8),
(3446, 317, 5, 1),
(3447, 317, 124, 5),
(3448, 317, 154, 14),
(3449, 317, 150, 12),
(3450, 317, 106, 4),
(3451, 317, 127, 4),
(3452, 318, 35, 9),
(3453, 318, 151, 1),
(3454, 318, 91, 12),
(3455, 318, 127, 15),
(3456, 318, 99, 1),
(3457, 318, 125, 8),
(3458, 318, 119, 11),
(3459, 318, 140, 8),
(3460, 318, 20, 6),
(3461, 318, 63, 3),
(3462, 318, 6, 13),
(3463, 318, 17, 15),
(3464, 318, 86, 14),
(3465, 318, 62, 15),
(3466, 319, 88, 8),
(3467, 319, 106, 20),
(3468, 319, 49, 14),
(3469, 319, 86, 18),
(3470, 319, 75, 6),
(3471, 319, 83, 10),
(3472, 319, 4, 19),
(3473, 319, 33, 12),
(3474, 319, 126, 12),
(3475, 319, 112, 1),
(3476, 320, 13, 12),
(3477, 320, 152, 16),
(3478, 320, 14, 12),
(3479, 320, 29, 17),
(3480, 320, 7, 15),
(3481, 320, 28, 14),
(3482, 320, 112, 10),
(3483, 320, 59, 5),
(3484, 320, 60, 17),
(3485, 320, 76, 18),
(3486, 320, 48, 10),
(3487, 320, 128, 11),
(3488, 320, 11, 12),
(3489, 320, 11, 16),
(3490, 320, 100, 1),
(3491, 320, 98, 14),
(3492, 320, 92, 11),
(3493, 321, 105, 3),
(3494, 321, 108, 10),
(3495, 321, 30, 8),
(3496, 321, 101, 18),
(3497, 321, 14, 2),
(3498, 321, 39, 7),
(3499, 321, 75, 2),
(3500, 321, 125, 7),
(3501, 321, 59, 6),
(3502, 321, 23, 18),
(3503, 321, 54, 15),
(3504, 322, 16, 7),
(3505, 322, 152, 14),
(3506, 322, 3, 11),
(3507, 322, 40, 11),
(3508, 322, 27, 8),
(3509, 322, 30, 13),
(3510, 322, 93, 12),
(3511, 322, 39, 10),
(3512, 322, 106, 7),
(3513, 322, 112, 20),
(3514, 322, 128, 16),
(3515, 322, 117, 3),
(3516, 322, 20, 20),
(3517, 322, 44, 20),
(3518, 322, 53, 20),
(3519, 322, 147, 9),
(3520, 322, 50, 17),
(3521, 322, 20, 7),
(3522, 322, 58, 8),
(3523, 323, 84, 16),
(3524, 323, 3, 3),
(3525, 323, 54, 12),
(3526, 323, 60, 16),
(3527, 323, 39, 15),
(3528, 323, 77, 4),
(3529, 323, 80, 5),
(3530, 323, 148, 13),
(3531, 323, 58, 19),
(3532, 323, 146, 7),
(3533, 323, 39, 18),
(3534, 323, 40, 14),
(3535, 323, 31, 2),
(3536, 323, 126, 11),
(3537, 323, 73, 3),
(3538, 323, 57, 20),
(3539, 323, 145, 8),
(3540, 324, 38, 20),
(3541, 324, 78, 1),
(3542, 324, 31, 4),
(3543, 324, 79, 8),
(3544, 325, 117, 6),
(3545, 325, 50, 2),
(3546, 325, 34, 5),
(3547, 325, 68, 9),
(3548, 325, 16, 14),
(3549, 325, 17, 6),
(3550, 325, 123, 18),
(3551, 325, 129, 5),
(3552, 325, 4, 3),
(3553, 325, 30, 19),
(3554, 325, 83, 6),
(3555, 325, 25, 10),
(3556, 325, 125, 4),
(3557, 325, 106, 20),
(3558, 326, 7, 13),
(3559, 326, 62, 7),
(3560, 326, 152, 10),
(3561, 326, 88, 4),
(3562, 326, 143, 20),
(3563, 326, 40, 11),
(3564, 326, 16, 11),
(3565, 326, 50, 20),
(3566, 326, 54, 11),
(3567, 326, 161, 10),
(3568, 326, 114, 19),
(3569, 326, 161, 1),
(3570, 326, 11, 10),
(3571, 326, 125, 5),
(3572, 327, 118, 18),
(3573, 327, 26, 8),
(3574, 327, 43, 10),
(3575, 327, 50, 15),
(3576, 328, 75, 13),
(3577, 328, 6, 15),
(3578, 329, 21, 5),
(3579, 329, 76, 2),
(3580, 329, 93, 20),
(3581, 329, 16, 2),
(3582, 329, 113, 1),
(3583, 330, 113, 2),
(3584, 330, 84, 10),
(3585, 330, 50, 13),
(3586, 331, 32, 16),
(3587, 331, 92, 10),
(3588, 331, 47, 18),
(3589, 331, 31, 7),
(3590, 331, 55, 17),
(3591, 332, 8, 20),
(3592, 332, 79, 6),
(3593, 332, 71, 12),
(3594, 332, 140, 9),
(3595, 332, 109, 19),
(3596, 332, 21, 14),
(3597, 332, 158, 17),
(3598, 332, 124, 10),
(3599, 333, 12, 3),
(3600, 333, 81, 6),
(3601, 333, 149, 2),
(3602, 333, 119, 5),
(3603, 333, 154, 19),
(3604, 333, 88, 6),
(3605, 333, 118, 19),
(3606, 334, 112, 8),
(3607, 334, 102, 3),
(3608, 334, 157, 10),
(3609, 334, 90, 14),
(3610, 334, 68, 14),
(3611, 334, 55, 8),
(3612, 334, 82, 3),
(3613, 334, 143, 17),
(3614, 335, 3, 7),
(3615, 335, 72, 19),
(3616, 335, 61, 4),
(3617, 335, 26, 7),
(3618, 335, 17, 14),
(3619, 336, 134, 13),
(3620, 336, 155, 11),
(3621, 336, 160, 12),
(3622, 336, 106, 20),
(3623, 336, 15, 5),
(3624, 336, 100, 11),
(3625, 336, 144, 20),
(3626, 336, 145, 8),
(3627, 336, 9, 16),
(3628, 336, 33, 5),
(3629, 336, 130, 11),
(3630, 336, 109, 15),
(3631, 336, 143, 18),
(3632, 337, 36, 20),
(3633, 337, 97, 17),
(3634, 337, 127, 5),
(3635, 337, 130, 7),
(3636, 337, 32, 8),
(3637, 337, 156, 4),
(3638, 337, 78, 4),
(3639, 337, 125, 20),
(3640, 337, 12, 15),
(3641, 337, 144, 10),
(3642, 337, 126, 14),
(3643, 337, 109, 1),
(3644, 337, 77, 4),
(3645, 337, 111, 5),
(3646, 337, 11, 11),
(3647, 337, 20, 6),
(3648, 337, 79, 15),
(3649, 337, 20, 6),
(3650, 337, 149, 19),
(3651, 338, 20, 7),
(3652, 338, 90, 6),
(3653, 338, 130, 15),
(3654, 338, 9, 16),
(3655, 338, 130, 16),
(3656, 338, 110, 6),
(3657, 338, 91, 8),
(3658, 338, 153, 12),
(3659, 338, 134, 3),
(3660, 338, 42, 2),
(3661, 338, 31, 16),
(3662, 338, 29, 10),
(3663, 338, 46, 18),
(3664, 339, 91, 17),
(3665, 339, 85, 3),
(3666, 339, 152, 17),
(3667, 339, 114, 5),
(3668, 339, 105, 9),
(3669, 339, 44, 9),
(3670, 339, 40, 2),
(3671, 339, 20, 11),
(3672, 339, 100, 10),
(3673, 339, 75, 4),
(3674, 339, 50, 12),
(3675, 339, 74, 8),
(3676, 339, 125, 5),
(3677, 340, 41, 11),
(3678, 340, 71, 17),
(3679, 340, 15, 6),
(3680, 340, 61, 5),
(3681, 340, 32, 5),
(3682, 340, 153, 9),
(3683, 340, 140, 8),
(3684, 340, 112, 7),
(3685, 340, 101, 15),
(3686, 340, 68, 3),
(3687, 340, 60, 18),
(3688, 340, 97, 12),
(3689, 341, 30, 1),
(3690, 341, 91, 20),
(3691, 341, 43, 2),
(3692, 341, 34, 16),
(3693, 341, 86, 2),
(3694, 342, 128, 9),
(3695, 342, 22, 20),
(3696, 342, 106, 2),
(3697, 342, 66, 11),
(3698, 342, 75, 2),
(3699, 342, 132, 2),
(3700, 342, 136, 5),
(3701, 342, 37, 5),
(3702, 342, 22, 17),
(3703, 342, 125, 7),
(3704, 342, 3, 16),
(3705, 342, 145, 20),
(3706, 342, 10, 20),
(3707, 342, 30, 18),
(3708, 342, 86, 5),
(3709, 342, 121, 7),
(3710, 342, 110, 18),
(3711, 342, 51, 7),
(3712, 343, 116, 17),
(3713, 343, 68, 17),
(3714, 343, 108, 11),
(3715, 343, 107, 19),
(3716, 343, 119, 18),
(3717, 343, 7, 12),
(3718, 343, 105, 8),
(3719, 343, 93, 9),
(3720, 343, 45, 11),
(3721, 343, 81, 6),
(3722, 343, 119, 8),
(3723, 343, 130, 20),
(3724, 343, 17, 3),
(3725, 343, 106, 20),
(3726, 343, 71, 20),
(3727, 343, 153, 4),
(3728, 343, 135, 8),
(3729, 343, 157, 11),
(3730, 343, 141, 13),
(3731, 343, 67, 13),
(3732, 344, 73, 4),
(3733, 344, 25, 17),
(3734, 344, 120, 12),
(3735, 344, 17, 6),
(3736, 344, 15, 8),
(3737, 344, 4, 9),
(3738, 344, 29, 1),
(3739, 344, 90, 7),
(3740, 344, 107, 11),
(3741, 344, 120, 13),
(3742, 344, 79, 18),
(3743, 345, 138, 18),
(3744, 345, 160, 15),
(3745, 345, 81, 9),
(3746, 345, 53, 1),
(3747, 345, 138, 10),
(3748, 345, 27, 14),
(3749, 345, 38, 16),
(3750, 345, 128, 11),
(3751, 345, 137, 4),
(3752, 345, 88, 6),
(3753, 345, 56, 11),
(3754, 346, 105, 5),
(3755, 346, 64, 8),
(3756, 346, 137, 18),
(3757, 346, 46, 7),
(3758, 346, 118, 4),
(3759, 346, 53, 10),
(3760, 346, 106, 15),
(3761, 346, 126, 14),
(3762, 346, 95, 6),
(3763, 346, 133, 6),
(3764, 346, 82, 12),
(3765, 346, 10, 1),
(3766, 346, 69, 5),
(3767, 346, 92, 15),
(3768, 346, 92, 3),
(3769, 346, 93, 5),
(3770, 346, 51, 20),
(3771, 346, 98, 4),
(3772, 347, 144, 11),
(3773, 347, 93, 1),
(3774, 347, 134, 1),
(3775, 347, 112, 12),
(3776, 347, 131, 8),
(3777, 347, 24, 2),
(3778, 347, 30, 9),
(3779, 347, 94, 16),
(3780, 347, 77, 13),
(3781, 347, 31, 15),
(3782, 347, 29, 19),
(3783, 347, 44, 6),
(3784, 347, 80, 10),
(3785, 347, 97, 10),
(3786, 347, 15, 16),
(3787, 347, 50, 20),
(3788, 347, 44, 18),
(3789, 347, 4, 3),
(3790, 348, 116, 14),
(3791, 348, 116, 2),
(3792, 348, 131, 17),
(3793, 348, 42, 5),
(3794, 348, 62, 1),
(3795, 348, 115, 20),
(3796, 348, 34, 9),
(3797, 348, 28, 3),
(3798, 348, 111, 10),
(3799, 348, 100, 4),
(3800, 348, 10, 2),
(3801, 348, 43, 17),
(3802, 348, 62, 5),
(3803, 348, 16, 6),
(3804, 348, 44, 4),
(3805, 348, 28, 20),
(3806, 348, 139, 18),
(3807, 348, 10, 14),
(3808, 348, 112, 7),
(3809, 349, 13, 7),
(3810, 349, 99, 2),
(3811, 349, 88, 1),
(3812, 349, 39, 14),
(3813, 349, 115, 14),
(3814, 349, 46, 18),
(3815, 349, 122, 8),
(3816, 349, 24, 12),
(3817, 349, 120, 8),
(3818, 349, 109, 1),
(3819, 349, 107, 18),
(3820, 349, 28, 13),
(3821, 349, 118, 2),
(3822, 349, 114, 9),
(3823, 349, 123, 1),
(3824, 349, 50, 17),
(3825, 349, 58, 19),
(3826, 349, 146, 18),
(3827, 349, 153, 3),
(3828, 350, 106, 17),
(3829, 350, 138, 11),
(3830, 350, 96, 5),
(3831, 350, 112, 4),
(3832, 350, 153, 2),
(3833, 350, 136, 20),
(3834, 350, 121, 15),
(3835, 350, 20, 8),
(3836, 350, 72, 4),
(3837, 350, 17, 17),
(3838, 350, 153, 3),
(3839, 350, 25, 16),
(3840, 351, 13, 14),
(3841, 351, 62, 1),
(3842, 351, 134, 19),
(3843, 351, 110, 14),
(3844, 351, 129, 5),
(3845, 351, 42, 1),
(3846, 351, 147, 9),
(3847, 351, 155, 20),
(3848, 351, 45, 19),
(3849, 351, 120, 20),
(3850, 351, 6, 3),
(3851, 352, 36, 5),
(3852, 352, 46, 4),
(3853, 352, 60, 9),
(3854, 352, 154, 17),
(3855, 352, 82, 13),
(3856, 352, 37, 11),
(3857, 352, 77, 4),
(3858, 352, 34, 3),
(3859, 352, 157, 9),
(3860, 352, 65, 20),
(3861, 353, 135, 19),
(3862, 353, 55, 3),
(3863, 353, 137, 2),
(3864, 353, 16, 18),
(3865, 353, 37, 11),
(3866, 353, 18, 10),
(3867, 353, 131, 6),
(3868, 353, 135, 5),
(3869, 354, 110, 16),
(3870, 354, 141, 19),
(3871, 354, 46, 7),
(3872, 354, 14, 10),
(3873, 354, 79, 2),
(3874, 354, 150, 18),
(3875, 355, 44, 15),
(3876, 355, 158, 13),
(3877, 356, 133, 14),
(3878, 356, 150, 15),
(3879, 356, 148, 10),
(3880, 356, 132, 8),
(3881, 356, 44, 2),
(3882, 356, 35, 11),
(3883, 356, 53, 18),
(3884, 356, 43, 5),
(3885, 356, 131, 11),
(3886, 356, 89, 18),
(3887, 356, 7, 1),
(3888, 356, 153, 20),
(3889, 356, 150, 20),
(3890, 356, 39, 14),
(3891, 356, 154, 17),
(3892, 356, 80, 16),
(3893, 356, 87, 9),
(3894, 357, 73, 18),
(3895, 357, 50, 17),
(3896, 357, 25, 9),
(3897, 357, 9, 14),
(3898, 357, 118, 19),
(3899, 357, 150, 19),
(3900, 357, 123, 10),
(3901, 357, 78, 13),
(3902, 357, 84, 11),
(3903, 357, 96, 10),
(3904, 357, 73, 12),
(3905, 358, 18, 11),
(3906, 358, 91, 13),
(3907, 358, 51, 3),
(3908, 358, 4, 17),
(3909, 358, 90, 19),
(3910, 358, 19, 8),
(3911, 358, 9, 11),
(3912, 358, 71, 15),
(3913, 358, 41, 8),
(3914, 358, 104, 4),
(3915, 358, 24, 3),
(3916, 358, 108, 16),
(3917, 358, 103, 4),
(3918, 358, 63, 3),
(3919, 358, 103, 20),
(3920, 359, 121, 10),
(3921, 359, 66, 7),
(3922, 359, 131, 11),
(3923, 359, 60, 13),
(3924, 359, 10, 6),
(3925, 359, 118, 9),
(3926, 359, 53, 6),
(3927, 359, 143, 1),
(3928, 359, 82, 6),
(3929, 359, 112, 14),
(3930, 359, 68, 17),
(3931, 359, 59, 5),
(3932, 359, 73, 11),
(3933, 359, 98, 12),
(3934, 359, 31, 12),
(3935, 359, 67, 19),
(3936, 359, 11, 17),
(3937, 360, 142, 7),
(3938, 360, 106, 10),
(3939, 360, 63, 19),
(3940, 360, 37, 17),
(3941, 360, 42, 10),
(3942, 360, 117, 7),
(3943, 360, 159, 1),
(3944, 361, 109, 9),
(3945, 361, 130, 1),
(3946, 361, 103, 6),
(3947, 361, 95, 5),
(3948, 361, 133, 16),
(3949, 361, 132, 5),
(3950, 361, 115, 18),
(3951, 361, 9, 20),
(3952, 361, 123, 8),
(3953, 361, 105, 6),
(3954, 361, 125, 12),
(3955, 361, 78, 13),
(3956, 361, 136, 20),
(3957, 361, 54, 3),
(3958, 361, 151, 7),
(3959, 361, 23, 13),
(3960, 361, 122, 19),
(3961, 361, 105, 8),
(3962, 361, 33, 5),
(3963, 361, 103, 1),
(3964, 362, 73, 6),
(3965, 362, 115, 7),
(3966, 363, 114, 2),
(3967, 363, 113, 8),
(3968, 363, 56, 10),
(3969, 363, 151, 17),
(3970, 363, 13, 16),
(3971, 363, 126, 9),
(3972, 363, 149, 15),
(3973, 363, 121, 2),
(3974, 364, 82, 1),
(3975, 364, 158, 18),
(3976, 364, 35, 5),
(3977, 364, 86, 5),
(3978, 364, 35, 20),
(3979, 364, 82, 19),
(3980, 364, 51, 17),
(3981, 364, 102, 9),
(3982, 365, 159, 16),
(3983, 365, 161, 19),
(3984, 365, 93, 2),
(3985, 365, 113, 8),
(3986, 365, 80, 13),
(3987, 365, 12, 5),
(3988, 365, 111, 9),
(3989, 365, 121, 14),
(3990, 365, 62, 13),
(3991, 365, 148, 12),
(3992, 365, 29, 4),
(3993, 366, 26, 14),
(3994, 366, 118, 10),
(3995, 366, 79, 8),
(3996, 366, 142, 1),
(3997, 366, 56, 13),
(3998, 366, 2, 6),
(3999, 366, 34, 2),
(4000, 366, 157, 12),
(4001, 366, 94, 12),
(4002, 366, 103, 17),
(4003, 366, 45, 1),
(4004, 366, 92, 20),
(4005, 366, 68, 5),
(4006, 366, 144, 1),
(4007, 366, 63, 1),
(4008, 366, 132, 11),
(4009, 366, 115, 11),
(4010, 367, 33, 19),
(4011, 367, 146, 5),
(4012, 368, 86, 5),
(4013, 368, 84, 15),
(4014, 368, 52, 10),
(4015, 368, 49, 18),
(4016, 368, 13, 19),
(4017, 368, 116, 8),
(4018, 369, 53, 8),
(4019, 369, 80, 5),
(4020, 369, 65, 18),
(4021, 369, 43, 5),
(4022, 369, 71, 20),
(4023, 369, 123, 10),
(4024, 369, 29, 14),
(4025, 370, 65, 19),
(4026, 370, 145, 13),
(4027, 370, 70, 13),
(4028, 370, 153, 19),
(4029, 370, 151, 17),
(4030, 370, 161, 18),
(4031, 370, 92, 7),
(4032, 370, 136, 18),
(4033, 371, 39, 8),
(4034, 371, 145, 13),
(4035, 371, 39, 4),
(4036, 371, 138, 14),
(4037, 371, 23, 13),
(4038, 371, 21, 7),
(4039, 371, 45, 10),
(4040, 371, 116, 4),
(4041, 371, 63, 7),
(4042, 371, 99, 1),
(4043, 371, 48, 11),
(4044, 371, 155, 3),
(4045, 371, 85, 17),
(4046, 371, 115, 18),
(4047, 372, 91, 12),
(4048, 372, 148, 19),
(4049, 372, 73, 12),
(4050, 372, 25, 13),
(4051, 372, 66, 17),
(4052, 372, 121, 1),
(4053, 372, 154, 2),
(4054, 372, 48, 9),
(4055, 372, 126, 10),
(4056, 372, 135, 3),
(4057, 372, 16, 18),
(4058, 372, 68, 13),
(4059, 372, 133, 12),
(4060, 372, 25, 14),
(4061, 373, 5, 7),
(4062, 373, 134, 12),
(4063, 373, 40, 15),
(4064, 373, 5, 17),
(4065, 373, 145, 13),
(4066, 373, 34, 15),
(4067, 373, 63, 5),
(4068, 374, 73, 11),
(4069, 374, 19, 5),
(4070, 374, 3, 19),
(4071, 374, 57, 3),
(4072, 374, 131, 16),
(4073, 374, 120, 13),
(4074, 374, 53, 18),
(4075, 374, 47, 12),
(4076, 374, 149, 13),
(4077, 374, 69, 11),
(4078, 374, 141, 4),
(4079, 374, 87, 14),
(4080, 374, 12, 4),
(4081, 374, 142, 16),
(4082, 375, 19, 10),
(4083, 375, 3, 13),
(4084, 375, 93, 5),
(4085, 375, 106, 11),
(4086, 375, 96, 16),
(4087, 375, 54, 8),
(4088, 375, 82, 20),
(4089, 375, 111, 9),
(4090, 375, 41, 6),
(4091, 375, 54, 18),
(4092, 375, 114, 17),
(4093, 375, 121, 18),
(4094, 376, 68, 19),
(4095, 376, 90, 6),
(4096, 376, 119, 3),
(4097, 376, 67, 4),
(4098, 376, 21, 2),
(4099, 376, 125, 8),
(4100, 376, 115, 6),
(4101, 376, 156, 10),
(4102, 376, 102, 7),
(4103, 377, 96, 1),
(4104, 377, 63, 17),
(4105, 377, 47, 15),
(4106, 377, 117, 20),
(4107, 377, 90, 10),
(4108, 377, 142, 19),
(4109, 377, 144, 17),
(4110, 377, 79, 4),
(4111, 377, 91, 13),
(4112, 377, 97, 16),
(4113, 377, 119, 14),
(4114, 377, 86, 3),
(4115, 377, 59, 17),
(4116, 377, 11, 17),
(4117, 377, 74, 8),
(4118, 377, 134, 2),
(4119, 377, 65, 5),
(4120, 377, 145, 14),
(4121, 377, 152, 13),
(4122, 377, 112, 10),
(4123, 378, 92, 9),
(4124, 378, 159, 8),
(4125, 378, 148, 4),
(4126, 379, 84, 16),
(4127, 379, 116, 6),
(4128, 379, 69, 5),
(4129, 379, 58, 16),
(4130, 379, 13, 9),
(4131, 379, 103, 11),
(4132, 379, 132, 10),
(4133, 379, 94, 5),
(4134, 379, 110, 10),
(4135, 379, 148, 13),
(4136, 379, 17, 13),
(4137, 379, 20, 4),
(4138, 379, 28, 12),
(4139, 379, 29, 12),
(4140, 379, 76, 7),
(4141, 379, 83, 20),
(4142, 379, 20, 5),
(4143, 379, 40, 11),
(4144, 379, 77, 13),
(4145, 379, 55, 12),
(4146, 380, 158, 2),
(4147, 380, 137, 9),
(4148, 381, 12, 3),
(4149, 381, 25, 20),
(4150, 381, 121, 6),
(4151, 381, 95, 18),
(4152, 381, 73, 16),
(4153, 381, 68, 13),
(4154, 381, 52, 18),
(4155, 381, 158, 17),
(4156, 381, 142, 2),
(4157, 381, 11, 3),
(4158, 381, 105, 11),
(4159, 381, 117, 20),
(4160, 381, 16, 16),
(4161, 381, 156, 4),
(4162, 382, 66, 17),
(4163, 382, 109, 11),
(4164, 382, 161, 14),
(4165, 382, 45, 6),
(4166, 382, 41, 3),
(4167, 382, 113, 1),
(4168, 382, 91, 7),
(4169, 382, 54, 9),
(4170, 382, 50, 4),
(4171, 382, 53, 9),
(4172, 382, 38, 9),
(4173, 382, 10, 16),
(4174, 382, 29, 1),
(4175, 383, 150, 1),
(4176, 383, 8, 11),
(4177, 383, 67, 18),
(4178, 383, 34, 19),
(4179, 383, 144, 18),
(4180, 383, 36, 3),
(4181, 383, 20, 8),
(4182, 383, 136, 3),
(4183, 383, 149, 4),
(4184, 383, 75, 8),
(4185, 383, 78, 13),
(4186, 383, 113, 18),
(4187, 383, 139, 3),
(4188, 383, 153, 13),
(4189, 383, 52, 20),
(4190, 383, 82, 5),
(4191, 383, 1, 12),
(4192, 383, 126, 9),
(4193, 384, 160, 8),
(4194, 384, 55, 18),
(4195, 384, 94, 10),
(4196, 384, 159, 19),
(4197, 384, 52, 3),
(4198, 384, 140, 10),
(4199, 384, 93, 5),
(4200, 384, 158, 4),
(4201, 384, 150, 18),
(4202, 384, 10, 2),
(4203, 385, 112, 8),
(4204, 385, 131, 4),
(4205, 385, 104, 17),
(4206, 385, 121, 9),
(4207, 385, 38, 4),
(4208, 385, 67, 12),
(4209, 385, 86, 6),
(4210, 385, 30, 1),
(4211, 385, 42, 3),
(4212, 385, 54, 8),
(4213, 385, 160, 17),
(4214, 385, 152, 5),
(4215, 385, 131, 3),
(4216, 385, 26, 14),
(4217, 385, 33, 5),
(4218, 385, 80, 18),
(4219, 385, 102, 7),
(4220, 386, 44, 3),
(4221, 386, 136, 14),
(4222, 386, 57, 1),
(4223, 387, 153, 12),
(4224, 387, 63, 3),
(4225, 387, 93, 13),
(4226, 387, 42, 19),
(4227, 388, 41, 15),
(4228, 388, 156, 10),
(4229, 389, 18, 13),
(4230, 389, 37, 7),
(4231, 389, 140, 15),
(4232, 389, 34, 10),
(4233, 389, 5, 6),
(4234, 389, 124, 3),
(4235, 389, 23, 10),
(4236, 389, 80, 4),
(4237, 389, 93, 9),
(4238, 389, 119, 20),
(4239, 389, 93, 7),
(4240, 389, 99, 17),
(4241, 390, 103, 2),
(4242, 390, 155, 12),
(4243, 390, 90, 11),
(4244, 390, 114, 4),
(4245, 390, 119, 1),
(4246, 390, 10, 10),
(4247, 391, 90, 10),
(4248, 391, 84, 7),
(4249, 391, 102, 14),
(4250, 391, 128, 3),
(4251, 391, 133, 8),
(4252, 391, 92, 12),
(4253, 392, 23, 18),
(4254, 392, 153, 20),
(4255, 392, 16, 12),
(4256, 392, 9, 2),
(4257, 392, 29, 13),
(4258, 392, 92, 18),
(4259, 392, 129, 7),
(4260, 392, 145, 18),
(4261, 393, 20, 9),
(4262, 393, 41, 13),
(4263, 393, 120, 18),
(4264, 393, 47, 11),
(4265, 393, 2, 3),
(4266, 393, 145, 12),
(4267, 393, 109, 5),
(4268, 393, 117, 11),
(4269, 393, 29, 14),
(4270, 393, 104, 16),
(4271, 393, 120, 15),
(4272, 393, 151, 7),
(4273, 393, 44, 17),
(4274, 393, 24, 12),
(4275, 393, 116, 1),
(4276, 393, 56, 17),
(4277, 394, 97, 10),
(4278, 394, 25, 10),
(4279, 394, 123, 14),
(4280, 394, 80, 18),
(4281, 394, 94, 2),
(4282, 394, 89, 17),
(4283, 394, 128, 2),
(4284, 394, 160, 10),
(4285, 394, 120, 15),
(4286, 395, 72, 14),
(4287, 395, 93, 15),
(4288, 395, 81, 15),
(4289, 395, 47, 5),
(4290, 395, 117, 13),
(4291, 395, 8, 3),
(4292, 396, 84, 6),
(4293, 396, 116, 6),
(4294, 396, 157, 5),
(4295, 396, 25, 12),
(4296, 396, 45, 15),
(4297, 396, 61, 2),
(4298, 397, 59, 12),
(4299, 397, 88, 3),
(4300, 397, 127, 20),
(4301, 397, 129, 8),
(4302, 397, 114, 6),
(4303, 397, 14, 20),
(4304, 397, 83, 17),
(4305, 397, 101, 12),
(4306, 397, 153, 18),
(4307, 397, 13, 5),
(4308, 397, 93, 8),
(4309, 397, 34, 16),
(4310, 397, 82, 16),
(4311, 397, 10, 5),
(4312, 397, 23, 3),
(4313, 397, 2, 11),
(4314, 397, 111, 12),
(4315, 398, 77, 11),
(4316, 398, 67, 17),
(4317, 398, 39, 15),
(4318, 398, 149, 5),
(4319, 398, 36, 15),
(4320, 398, 139, 16),
(4321, 398, 109, 15),
(4322, 398, 138, 19),
(4323, 398, 47, 5),
(4324, 398, 19, 2),
(4325, 398, 115, 18),
(4326, 398, 21, 19),
(4327, 398, 4, 6),
(4328, 399, 86, 19),
(4329, 399, 77, 3),
(4330, 399, 68, 1),
(4331, 399, 90, 6),
(4332, 399, 42, 6),
(4333, 399, 29, 10),
(4334, 399, 78, 19),
(4335, 399, 56, 6),
(4336, 399, 93, 2),
(4337, 399, 19, 10),
(4338, 399, 57, 7),
(4339, 399, 97, 9),
(4340, 399, 6, 10),
(4341, 399, 88, 20),
(4342, 399, 82, 17),
(4343, 399, 141, 1),
(4344, 399, 121, 8),
(4345, 399, 30, 4),
(4346, 399, 59, 15),
(4347, 400, 100, 1),
(4348, 400, 96, 3),
(4349, 400, 79, 10),
(4350, 400, 74, 15),
(4351, 400, 12, 11),
(4352, 400, 139, 12),
(4353, 400, 140, 4),
(4354, 400, 25, 6),
(4355, 400, 35, 13),
(4356, 401, 28, 3),
(4357, 401, 102, 1),
(4358, 401, 29, 8),
(4359, 401, 64, 8),
(4360, 401, 87, 16),
(4361, 401, 16, 20),
(4362, 401, 62, 3),
(4363, 401, 90, 10),
(4364, 401, 96, 1),
(4365, 401, 152, 7),
(4366, 401, 20, 10),
(4367, 401, 33, 14),
(4368, 401, 53, 8),
(4369, 401, 134, 13),
(4370, 401, 98, 10),
(4371, 401, 70, 16),
(4372, 401, 98, 2),
(4373, 402, 126, 9),
(4374, 402, 35, 3),
(4375, 402, 158, 20),
(4376, 402, 39, 19),
(4377, 402, 57, 7),
(4378, 402, 79, 17),
(4379, 402, 151, 11),
(4380, 402, 126, 6),
(4381, 402, 107, 5),
(4382, 402, 78, 7),
(4383, 402, 91, 18),
(4384, 402, 27, 4),
(4385, 402, 77, 13),
(4386, 402, 98, 5),
(4387, 402, 38, 14),
(4388, 402, 11, 1),
(4389, 402, 17, 6),
(4390, 403, 13, 5),
(4391, 403, 64, 1),
(4392, 403, 97, 15),
(4393, 403, 81, 9),
(4394, 404, 7, 5),
(4395, 404, 153, 14),
(4396, 404, 75, 9),
(4397, 404, 6, 1),
(4398, 404, 48, 4),
(4399, 404, 32, 16),
(4400, 404, 133, 17),
(4401, 404, 3, 2),
(4402, 404, 75, 2),
(4403, 404, 12, 12),
(4404, 404, 58, 5),
(4405, 404, 104, 13),
(4406, 404, 101, 14),
(4407, 404, 34, 8),
(4408, 405, 105, 1),
(4409, 405, 32, 18),
(4410, 405, 158, 18),
(4411, 405, 54, 9),
(4412, 406, 58, 15),
(4413, 406, 21, 12),
(4414, 406, 77, 20),
(4415, 406, 58, 10),
(4416, 406, 2, 17),
(4417, 406, 93, 2),
(4418, 406, 63, 19),
(4419, 406, 51, 1),
(4420, 406, 87, 19),
(4421, 406, 111, 15),
(4422, 406, 48, 17),
(4423, 406, 63, 7),
(4424, 406, 7, 6),
(4425, 406, 50, 19),
(4426, 406, 96, 15),
(4427, 406, 140, 20),
(4428, 406, 69, 20),
(4429, 406, 82, 19),
(4430, 406, 153, 18),
(4431, 407, 155, 14),
(4432, 407, 157, 1),
(4433, 407, 12, 19),
(4434, 407, 58, 2),
(4435, 407, 71, 6),
(4436, 407, 127, 4),
(4437, 407, 94, 13),
(4438, 407, 93, 19),
(4439, 407, 108, 17),
(4440, 408, 98, 9),
(4441, 408, 150, 10),
(4442, 408, 61, 8),
(4443, 408, 75, 18),
(4444, 408, 41, 9),
(4445, 408, 121, 13),
(4446, 409, 69, 13),
(4447, 409, 67, 10),
(4448, 409, 84, 16),
(4449, 409, 96, 20),
(4450, 409, 10, 8),
(4451, 409, 24, 13),
(4452, 409, 2, 15),
(4453, 409, 88, 14),
(4454, 409, 90, 16),
(4455, 410, 159, 14),
(4456, 410, 121, 8),
(4457, 410, 6, 5),
(4458, 410, 40, 6),
(4459, 410, 100, 20),
(4460, 410, 151, 20),
(4461, 410, 68, 12),
(4462, 411, 148, 2),
(4463, 411, 27, 11),
(4464, 411, 7, 5),
(4465, 411, 144, 4),
(4466, 411, 139, 18),
(4467, 411, 146, 9),
(4468, 411, 93, 10),
(4469, 411, 26, 18),
(4470, 411, 71, 17),
(4471, 412, 129, 18),
(4472, 412, 131, 1),
(4473, 412, 27, 9),
(4474, 412, 6, 3),
(4475, 412, 68, 10),
(4476, 412, 107, 17),
(4477, 412, 60, 15),
(4478, 412, 159, 18),
(4479, 412, 126, 5),
(4480, 412, 124, 20),
(4481, 412, 12, 14),
(4482, 412, 140, 10),
(4483, 412, 39, 7),
(4484, 413, 16, 16),
(4485, 413, 77, 14),
(4486, 413, 91, 7),
(4487, 413, 83, 13),
(4488, 413, 83, 19),
(4489, 413, 104, 13),
(4490, 413, 59, 2),
(4491, 413, 45, 4),
(4492, 413, 75, 1),
(4493, 413, 27, 7),
(4494, 413, 128, 8),
(4495, 413, 17, 16),
(4496, 413, 71, 16),
(4497, 414, 147, 1),
(4498, 414, 153, 11),
(4499, 414, 17, 15),
(4500, 414, 3, 16),
(4501, 414, 44, 8),
(4502, 414, 51, 18),
(4503, 414, 142, 6),
(4504, 414, 84, 10),
(4505, 414, 100, 13),
(4506, 414, 125, 16),
(4507, 414, 13, 16),
(4508, 414, 156, 9),
(4509, 414, 94, 7),
(4510, 415, 55, 16),
(4511, 415, 46, 20),
(4512, 415, 111, 6),
(4513, 415, 146, 5),
(4514, 415, 63, 13),
(4515, 415, 39, 4),
(4516, 415, 141, 13),
(4517, 415, 81, 15),
(4518, 415, 79, 16),
(4519, 415, 43, 20),
(4520, 415, 61, 18),
(4521, 416, 29, 20),
(4522, 416, 87, 3),
(4523, 416, 59, 3),
(4524, 416, 77, 18),
(4525, 416, 74, 5),
(4526, 416, 27, 9),
(4527, 416, 150, 9),
(4528, 416, 51, 4),
(4529, 416, 135, 19),
(4530, 416, 65, 1),
(4531, 416, 129, 1),
(4532, 416, 85, 11),
(4533, 416, 80, 6),
(4534, 416, 132, 10),
(4535, 416, 106, 14),
(4536, 416, 37, 17),
(4537, 417, 123, 20),
(4538, 417, 1, 18),
(4539, 417, 73, 18),
(4540, 417, 55, 14),
(4541, 417, 8, 15),
(4542, 417, 102, 10),
(4543, 417, 11, 16),
(4544, 417, 54, 20),
(4545, 417, 31, 8),
(4546, 417, 128, 4),
(4547, 417, 142, 7),
(4548, 417, 111, 4),
(4549, 417, 25, 4),
(4550, 417, 132, 17),
(4551, 418, 79, 3),
(4552, 418, 102, 10),
(4553, 418, 5, 2),
(4554, 418, 61, 8),
(4555, 418, 127, 9),
(4556, 418, 19, 9),
(4557, 418, 149, 4),
(4558, 418, 33, 6),
(4559, 418, 28, 8),
(4560, 418, 100, 20),
(4561, 418, 95, 10),
(4562, 418, 49, 6),
(4563, 418, 107, 10),
(4564, 418, 70, 10),
(4565, 419, 132, 3),
(4566, 419, 126, 20),
(4567, 419, 124, 6),
(4568, 419, 161, 17),
(4569, 419, 105, 8),
(4570, 419, 102, 2),
(4571, 419, 77, 1),
(4572, 420, 107, 6),
(4573, 420, 42, 17),
(4574, 420, 104, 18),
(4575, 420, 128, 5),
(4576, 420, 61, 2),
(4577, 420, 82, 1),
(4578, 420, 88, 19),
(4579, 420, 83, 17),
(4580, 420, 123, 13),
(4581, 420, 100, 15),
(4582, 420, 67, 18),
(4583, 420, 117, 6),
(4584, 420, 87, 2),
(4585, 420, 144, 13),
(4586, 420, 91, 19),
(4587, 420, 99, 5),
(4588, 420, 31, 18),
(4589, 420, 9, 17),
(4590, 420, 122, 17),
(4591, 420, 11, 3),
(4592, 421, 92, 4),
(4593, 421, 78, 11),
(4594, 421, 110, 7),
(4595, 421, 43, 7),
(4596, 421, 152, 20),
(4597, 421, 119, 17),
(4598, 421, 115, 20),
(4599, 421, 61, 16),
(4600, 421, 144, 20),
(4601, 421, 57, 17),
(4602, 421, 98, 12),
(4603, 421, 4, 10),
(4604, 421, 101, 18),
(4605, 421, 38, 10),
(4606, 421, 148, 8),
(4607, 421, 66, 10),
(4608, 421, 85, 18),
(4609, 421, 160, 5),
(4610, 421, 35, 6),
(4611, 422, 26, 5),
(4612, 422, 43, 20),
(4613, 422, 154, 6),
(4614, 422, 60, 15),
(4615, 422, 24, 8),
(4616, 422, 17, 20),
(4617, 422, 156, 14),
(4618, 422, 161, 9),
(4619, 422, 49, 18),
(4620, 422, 109, 16),
(4621, 422, 124, 1),
(4622, 422, 30, 6),
(4623, 423, 12, 5),
(4624, 423, 123, 6),
(4625, 423, 81, 6),
(4626, 423, 73, 15),
(4627, 423, 89, 9),
(4628, 423, 113, 17),
(4629, 423, 131, 9),
(4630, 423, 155, 4),
(4631, 423, 88, 19),
(4632, 423, 23, 5),
(4633, 423, 151, 12),
(4634, 423, 84, 16),
(4635, 424, 47, 12),
(4636, 424, 46, 10),
(4637, 424, 130, 17),
(4638, 424, 89, 1),
(4639, 424, 97, 17),
(4640, 424, 88, 18),
(4641, 425, 47, 9),
(4642, 425, 118, 20),
(4643, 425, 41, 11),
(4644, 425, 69, 5),
(4645, 425, 115, 20),
(4646, 425, 25, 18),
(4647, 425, 31, 2),
(4648, 426, 115, 18),
(4649, 426, 110, 1),
(4650, 426, 68, 20),
(4651, 426, 77, 5),
(4652, 426, 130, 1),
(4653, 426, 43, 9),
(4654, 426, 139, 17),
(4655, 426, 49, 3),
(4656, 426, 16, 15),
(4657, 426, 141, 2),
(4658, 427, 67, 11),
(4659, 427, 35, 3),
(4660, 427, 78, 8),
(4661, 427, 158, 14),
(4662, 427, 72, 9),
(4663, 427, 62, 7),
(4664, 427, 14, 8),
(4665, 427, 119, 2),
(4666, 427, 139, 20),
(4667, 427, 139, 18),
(4668, 427, 36, 6),
(4669, 427, 120, 1),
(4670, 427, 92, 18),
(4671, 427, 20, 7),
(4672, 427, 122, 5),
(4673, 427, 50, 4),
(4674, 427, 115, 11),
(4675, 427, 47, 4),
(4676, 427, 142, 6),
(4677, 427, 139, 7),
(4678, 428, 39, 13),
(4679, 428, 123, 13),
(4680, 428, 61, 17),
(4681, 428, 78, 7),
(4682, 428, 108, 8),
(4683, 428, 89, 19),
(4684, 428, 17, 12),
(4685, 428, 82, 20),
(4686, 428, 113, 17),
(4687, 428, 119, 19),
(4688, 428, 21, 19),
(4689, 428, 99, 13),
(4690, 428, 32, 17),
(4691, 428, 85, 10),
(4692, 429, 138, 3),
(4693, 429, 146, 10),
(4694, 429, 144, 11),
(4695, 429, 141, 15),
(4696, 429, 2, 5),
(4697, 429, 60, 8),
(4698, 429, 122, 7),
(4699, 429, 77, 7),
(4700, 429, 131, 10),
(4701, 429, 5, 13),
(4702, 429, 32, 19),
(4703, 429, 122, 3),
(4704, 429, 88, 8),
(4705, 429, 48, 7),
(4706, 430, 122, 1),
(4707, 430, 126, 18),
(4708, 430, 148, 6),
(4709, 430, 126, 9),
(4710, 430, 25, 10),
(4711, 430, 73, 8),
(4712, 430, 137, 17),
(4713, 430, 18, 4),
(4714, 430, 48, 9),
(4715, 430, 156, 16),
(4716, 430, 76, 12),
(4717, 430, 154, 8),
(4718, 430, 57, 2),
(4719, 430, 152, 16),
(4720, 430, 57, 6),
(4721, 430, 110, 3),
(4722, 430, 48, 10),
(4723, 430, 161, 5),
(4724, 430, 120, 16),
(4725, 431, 145, 6),
(4726, 431, 17, 6),
(4727, 431, 18, 19),
(4728, 431, 59, 6),
(4729, 431, 36, 17),
(4730, 431, 38, 20),
(4731, 431, 44, 17),
(4732, 431, 150, 14),
(4733, 431, 30, 20),
(4734, 431, 98, 19),
(4735, 431, 54, 18),
(4736, 431, 99, 9),
(4737, 431, 31, 2),
(4738, 431, 70, 8),
(4739, 432, 34, 1),
(4740, 432, 115, 10),
(4741, 432, 25, 20),
(4742, 432, 92, 2),
(4743, 432, 54, 17),
(4744, 432, 49, 3),
(4745, 432, 11, 6),
(4746, 432, 65, 18),
(4747, 432, 34, 2),
(4748, 432, 13, 4),
(4749, 432, 109, 1),
(4750, 432, 84, 12),
(4751, 432, 102, 20),
(4752, 432, 122, 15),
(4753, 432, 63, 4),
(4754, 432, 84, 12),
(4755, 432, 33, 5),
(4756, 433, 58, 4),
(4757, 433, 102, 9),
(4758, 433, 85, 10),
(4759, 434, 106, 11),
(4760, 434, 2, 2),
(4761, 434, 69, 5),
(4762, 434, 21, 11),
(4763, 434, 65, 17),
(4764, 434, 84, 19),
(4765, 434, 59, 3),
(4766, 434, 141, 3),
(4767, 434, 137, 6),
(4768, 434, 44, 8),
(4769, 434, 139, 10),
(4770, 434, 97, 19),
(4771, 434, 134, 16),
(4772, 434, 89, 6),
(4773, 434, 52, 1),
(4774, 435, 158, 11),
(4775, 435, 161, 1),
(4776, 435, 157, 5),
(4777, 435, 27, 10),
(4778, 435, 99, 20),
(4779, 435, 161, 11),
(4780, 435, 54, 3),
(4781, 435, 66, 9),
(4782, 435, 161, 14),
(4783, 435, 117, 8),
(4784, 435, 85, 4),
(4785, 435, 156, 9),
(4786, 435, 4, 16),
(4787, 435, 160, 6),
(4788, 435, 13, 1),
(4789, 435, 45, 2),
(4790, 435, 88, 6),
(4791, 435, 15, 11),
(4792, 435, 79, 6),
(4793, 435, 160, 3),
(4794, 436, 160, 13),
(4795, 436, 88, 3),
(4796, 436, 7, 20),
(4797, 436, 22, 15),
(4798, 436, 116, 11),
(4799, 436, 38, 19),
(4800, 437, 109, 19),
(4801, 437, 36, 14),
(4802, 437, 36, 6),
(4803, 437, 108, 10),
(4804, 437, 57, 5),
(4805, 437, 125, 9),
(4806, 437, 117, 6),
(4807, 437, 112, 15),
(4808, 437, 59, 19),
(4809, 437, 114, 20),
(4810, 438, 136, 1),
(4811, 438, 73, 20),
(4812, 438, 120, 4),
(4813, 438, 78, 20),
(4814, 438, 13, 19),
(4815, 438, 104, 1),
(4816, 438, 27, 7),
(4817, 438, 38, 10),
(4818, 438, 157, 15),
(4819, 438, 132, 4),
(4820, 439, 42, 19),
(4821, 439, 124, 20),
(4822, 439, 101, 3),
(4823, 439, 140, 7),
(4824, 439, 21, 7),
(4825, 439, 29, 4),
(4826, 439, 125, 4),
(4827, 439, 145, 19),
(4828, 439, 102, 18),
(4829, 439, 3, 12),
(4830, 439, 83, 1),
(4831, 440, 132, 6),
(4832, 440, 34, 16),
(4833, 440, 161, 1),
(4834, 440, 157, 10),
(4835, 440, 46, 18),
(4836, 440, 43, 5),
(4837, 440, 82, 8),
(4838, 440, 16, 17),
(4839, 440, 84, 9),
(4840, 440, 2, 14),
(4841, 440, 31, 4),
(4842, 440, 93, 3),
(4843, 440, 128, 9),
(4844, 440, 24, 8),
(4845, 440, 154, 4),
(4846, 440, 18, 16),
(4847, 441, 52, 12),
(4848, 441, 70, 7),
(4849, 441, 87, 19),
(4850, 441, 101, 9),
(4851, 441, 32, 18),
(4852, 441, 149, 12),
(4853, 441, 155, 16),
(4854, 441, 18, 8),
(4855, 441, 124, 16),
(4856, 441, 92, 19),
(4857, 442, 112, 15),
(4858, 442, 129, 17),
(4859, 442, 15, 16),
(4860, 442, 3, 5),
(4861, 442, 85, 10),
(4862, 442, 84, 2),
(4863, 442, 144, 18),
(4864, 442, 101, 17),
(4865, 443, 4, 7),
(4866, 443, 156, 13),
(4867, 444, 117, 15),
(4868, 444, 110, 10),
(4869, 444, 81, 5),
(4870, 444, 67, 18),
(4871, 444, 152, 3),
(4872, 444, 106, 16),
(4873, 444, 37, 9),
(4874, 445, 69, 19),
(4875, 445, 42, 19),
(4876, 445, 3, 3),
(4877, 445, 130, 13),
(4878, 445, 156, 6),
(4879, 445, 110, 20),
(4880, 445, 102, 13),
(4881, 445, 97, 19),
(4882, 445, 60, 7),
(4883, 445, 99, 18),
(4884, 445, 131, 18),
(4885, 445, 45, 14),
(4886, 445, 130, 9),
(4887, 445, 52, 12),
(4888, 445, 103, 15),
(4889, 445, 63, 2),
(4890, 445, 105, 13),
(4891, 446, 108, 16),
(4892, 446, 130, 7),
(4893, 447, 16, 20),
(4894, 447, 121, 15),
(4895, 447, 103, 7),
(4896, 447, 107, 1),
(4897, 447, 107, 6),
(4898, 447, 140, 10),
(4899, 447, 23, 3),
(4900, 447, 23, 19),
(4901, 447, 89, 10),
(4902, 447, 87, 4),
(4903, 447, 31, 19),
(4904, 447, 39, 17),
(4905, 447, 93, 5),
(4906, 447, 82, 8),
(4907, 447, 9, 17),
(4908, 447, 21, 3),
(4909, 448, 142, 18),
(4910, 448, 69, 5),
(4911, 448, 86, 9),
(4912, 448, 142, 17),
(4913, 448, 49, 8),
(4914, 448, 153, 9),
(4915, 448, 80, 18),
(4916, 448, 159, 20),
(4917, 448, 69, 4),
(4918, 448, 24, 8),
(4919, 448, 66, 20),
(4920, 448, 150, 14),
(4921, 448, 80, 6),
(4922, 448, 114, 7),
(4923, 448, 68, 17),
(4924, 448, 16, 6),
(4925, 448, 117, 11),
(4926, 449, 42, 20),
(4927, 449, 65, 2),
(4928, 449, 42, 16),
(4929, 449, 2, 14),
(4930, 449, 41, 19),
(4931, 449, 109, 5),
(4932, 449, 53, 17),
(4933, 449, 58, 14),
(4934, 449, 41, 7),
(4935, 449, 99, 19),
(4936, 449, 135, 19),
(4937, 450, 23, 7),
(4938, 450, 73, 5),
(4939, 450, 101, 4),
(4940, 450, 122, 3),
(4941, 450, 70, 15),
(4942, 450, 88, 10),
(4943, 450, 157, 6),
(4944, 450, 82, 14),
(4945, 450, 89, 9),
(4946, 450, 55, 16),
(4947, 450, 119, 4),
(4948, 450, 19, 9),
(4949, 450, 70, 10),
(4950, 451, 54, 6),
(4951, 451, 151, 19),
(4952, 452, 42, 8),
(4953, 452, 107, 18),
(4954, 452, 91, 9),
(4955, 452, 4, 20),
(4956, 452, 22, 12),
(4957, 452, 79, 3),
(4958, 452, 139, 20),
(4959, 452, 124, 9),
(4960, 452, 64, 3),
(4961, 452, 28, 3),
(4962, 453, 46, 11),
(4963, 453, 115, 15),
(4964, 453, 93, 1),
(4965, 453, 6, 11),
(4966, 453, 158, 10),
(4967, 453, 123, 8),
(4968, 453, 21, 13),
(4969, 454, 88, 14),
(4970, 454, 148, 14),
(4971, 454, 38, 9),
(4972, 454, 127, 2),
(4973, 454, 63, 11),
(4974, 454, 82, 16),
(4975, 454, 105, 14),
(4976, 454, 147, 19),
(4977, 454, 155, 10),
(4978, 454, 105, 14),
(4979, 454, 5, 14),
(4980, 454, 118, 11),
(4981, 454, 108, 4),
(4982, 454, 49, 1),
(4983, 454, 52, 19),
(4984, 454, 154, 18),
(4985, 454, 99, 18),
(4986, 454, 88, 17),
(4987, 454, 44, 7),
(4988, 455, 107, 18),
(4989, 455, 71, 9),
(4990, 455, 86, 3),
(4991, 455, 58, 10),
(4992, 455, 12, 17),
(4993, 455, 18, 16),
(4994, 455, 136, 16),
(4995, 455, 81, 8),
(4996, 455, 75, 14),
(4997, 455, 110, 10),
(4998, 455, 2, 13),
(4999, 455, 72, 18),
(5000, 455, 38, 7),
(5001, 455, 68, 2),
(5002, 455, 94, 16),
(5003, 455, 1, 5),
(5004, 455, 102, 9),
(5005, 455, 111, 4),
(5006, 455, 91, 1),
(5007, 456, 103, 17),
(5008, 456, 118, 9),
(5009, 456, 112, 11),
(5010, 456, 147, 2),
(5011, 456, 160, 13),
(5012, 456, 121, 10),
(5013, 456, 100, 8),
(5014, 456, 150, 10),
(5015, 456, 97, 5),
(5016, 456, 148, 14),
(5017, 456, 133, 14),
(5018, 456, 109, 2),
(5019, 456, 48, 3),
(5020, 457, 73, 14),
(5021, 457, 127, 2),
(5022, 457, 52, 13),
(5023, 457, 129, 15),
(5024, 457, 53, 7),
(5025, 457, 104, 8),
(5026, 457, 51, 5),
(5027, 457, 23, 16),
(5028, 457, 139, 11),
(5029, 457, 117, 8),
(5030, 457, 18, 20),
(5031, 457, 44, 16),
(5032, 457, 126, 19),
(5033, 457, 73, 17),
(5034, 457, 37, 12),
(5035, 457, 95, 14),
(5036, 458, 60, 15),
(5037, 458, 94, 1),
(5038, 458, 88, 7),
(5039, 458, 54, 18),
(5040, 458, 154, 15),
(5041, 458, 29, 4),
(5042, 459, 157, 2),
(5043, 459, 60, 14),
(5044, 459, 67, 10),
(5045, 459, 106, 14),
(5046, 459, 41, 9),
(5047, 459, 99, 15),
(5048, 459, 45, 17),
(5049, 459, 45, 18),
(5050, 459, 83, 11),
(5051, 459, 38, 6),
(5052, 459, 20, 5),
(5053, 459, 129, 9),
(5054, 459, 92, 14),
(5055, 459, 63, 6),
(5056, 459, 136, 12),
(5057, 459, 25, 17),
(5058, 459, 105, 11),
(5059, 459, 83, 2),
(5060, 460, 27, 15),
(5061, 460, 40, 12),
(5062, 460, 58, 20),
(5063, 460, 140, 4),
(5064, 460, 37, 15),
(5065, 460, 115, 16),
(5066, 460, 155, 20),
(5067, 460, 143, 4),
(5068, 460, 125, 7),
(5069, 460, 124, 9),
(5070, 460, 114, 2),
(5071, 460, 45, 6),
(5072, 460, 35, 2),
(5073, 460, 151, 15),
(5074, 460, 98, 20),
(5075, 460, 118, 16),
(5076, 460, 119, 20),
(5077, 460, 59, 2),
(5078, 460, 150, 5),
(5079, 460, 47, 4),
(5080, 461, 1, 19),
(5081, 461, 149, 20),
(5082, 461, 131, 3),
(5083, 461, 120, 3),
(5084, 461, 143, 4),
(5085, 461, 135, 19),
(5086, 461, 74, 3),
(5087, 461, 26, 11),
(5088, 461, 11, 18),
(5089, 461, 25, 2),
(5090, 461, 100, 19),
(5091, 461, 129, 12),
(5092, 461, 46, 18),
(5093, 461, 85, 11),
(5094, 461, 30, 14),
(5095, 461, 77, 4),
(5096, 461, 98, 8),
(5097, 461, 25, 9),
(5098, 461, 83, 18),
(5099, 461, 89, 8),
(5100, 462, 62, 7),
(5101, 462, 85, 11),
(5102, 462, 81, 2),
(5103, 463, 63, 5),
(5104, 463, 102, 1),
(5105, 463, 25, 9),
(5106, 463, 98, 9),
(5107, 463, 53, 3),
(5108, 463, 154, 11),
(5109, 463, 132, 9),
(5110, 463, 112, 9),
(5111, 463, 133, 17),
(5112, 463, 136, 7),
(5113, 463, 120, 8),
(5114, 463, 118, 17),
(5115, 464, 12, 7),
(5116, 464, 45, 12),
(5117, 464, 68, 18),
(5118, 464, 154, 13),
(5119, 464, 78, 20),
(5120, 464, 130, 19),
(5121, 464, 92, 5),
(5122, 464, 39, 14),
(5123, 464, 32, 15),
(5124, 464, 83, 13),
(5125, 464, 72, 19),
(5126, 464, 72, 6),
(5127, 464, 126, 16),
(5128, 464, 7, 4),
(5129, 464, 81, 18),
(5130, 464, 152, 12),
(5131, 465, 36, 3),
(5132, 465, 99, 2),
(5133, 465, 16, 6),
(5134, 465, 90, 2),
(5135, 465, 11, 10),
(5136, 466, 50, 15),
(5137, 466, 52, 10),
(5138, 466, 74, 17),
(5139, 466, 20, 18),
(5140, 466, 125, 12),
(5141, 466, 31, 12),
(5142, 466, 55, 5),
(5143, 466, 116, 17),
(5144, 466, 14, 14),
(5145, 466, 67, 6),
(5146, 466, 143, 12),
(5147, 466, 144, 20),
(5148, 466, 105, 4),
(5149, 467, 114, 5),
(5150, 467, 157, 7),
(5151, 467, 85, 14),
(5152, 467, 104, 1),
(5153, 467, 22, 10),
(5154, 467, 24, 1),
(5155, 467, 40, 15),
(5156, 467, 36, 16),
(5157, 467, 8, 9),
(5158, 467, 84, 18),
(5159, 467, 86, 4),
(5160, 468, 131, 2),
(5161, 468, 138, 15),
(5162, 468, 3, 10),
(5163, 468, 139, 11),
(5164, 468, 33, 2),
(5165, 468, 80, 11),
(5166, 468, 98, 4),
(5167, 469, 101, 7),
(5168, 469, 104, 16),
(5169, 469, 53, 18),
(5170, 469, 78, 11),
(5171, 469, 111, 11),
(5172, 470, 33, 9),
(5173, 470, 85, 8),
(5174, 470, 115, 7),
(5175, 470, 72, 12),
(5176, 470, 7, 10),
(5177, 470, 10, 18),
(5178, 470, 158, 6),
(5179, 470, 158, 10),
(5180, 470, 127, 12),
(5181, 470, 104, 20),
(5182, 470, 34, 19),
(5183, 470, 97, 20),
(5184, 470, 44, 10),
(5185, 470, 75, 17),
(5186, 470, 28, 20),
(5187, 470, 131, 8),
(5188, 470, 66, 7),
(5189, 470, 123, 3),
(5190, 470, 109, 5),
(5191, 470, 110, 15),
(5192, 471, 120, 13),
(5193, 471, 103, 1),
(5194, 471, 95, 3),
(5195, 471, 128, 4),
(5196, 471, 121, 15),
(5197, 471, 61, 14),
(5198, 471, 56, 8),
(5199, 471, 155, 17),
(5200, 471, 133, 16),
(5201, 471, 1, 17),
(5202, 471, 96, 8),
(5203, 471, 35, 19),
(5204, 471, 22, 7),
(5205, 471, 97, 7),
(5206, 472, 161, 16),
(5207, 472, 150, 13),
(5208, 472, 123, 11),
(5209, 472, 120, 11),
(5210, 472, 111, 10),
(5211, 472, 48, 2),
(5212, 472, 30, 13),
(5213, 473, 24, 10),
(5214, 473, 39, 19),
(5215, 473, 75, 2),
(5216, 473, 84, 17),
(5217, 473, 44, 9),
(5218, 473, 157, 12),
(5219, 473, 8, 7),
(5220, 473, 99, 8),
(5221, 473, 50, 8),
(5222, 474, 151, 3),
(5223, 474, 130, 14),
(5224, 474, 109, 10),
(5225, 474, 28, 20),
(5226, 474, 89, 8),
(5227, 474, 97, 20),
(5228, 474, 81, 2),
(5229, 475, 69, 11),
(5230, 475, 43, 19),
(5231, 475, 60, 11),
(5232, 475, 63, 7),
(5233, 475, 21, 9),
(5234, 476, 120, 16),
(5235, 476, 155, 3),
(5236, 476, 13, 18),
(5237, 476, 38, 18),
(5238, 476, 93, 19),
(5239, 476, 60, 15),
(5240, 476, 141, 19),
(5241, 476, 15, 10),
(5242, 476, 143, 12),
(5243, 476, 88, 2),
(5244, 476, 3, 2),
(5245, 476, 58, 20),
(5246, 476, 71, 18),
(5247, 476, 55, 16),
(5248, 477, 125, 9),
(5249, 477, 123, 12),
(5250, 478, 140, 13),
(5251, 478, 47, 3),
(5252, 478, 85, 18),
(5253, 478, 2, 18),
(5254, 478, 98, 18),
(5255, 478, 131, 14),
(5256, 478, 59, 14),
(5257, 478, 47, 19),
(5258, 478, 128, 7),
(5259, 479, 24, 6),
(5260, 479, 67, 1),
(5261, 479, 96, 4),
(5262, 479, 9, 8),
(5263, 479, 102, 17),
(5264, 479, 150, 1),
(5265, 479, 110, 12),
(5266, 479, 52, 16),
(5267, 479, 17, 4),
(5268, 479, 128, 20),
(5269, 479, 127, 14),
(5270, 479, 130, 10),
(5271, 479, 7, 11),
(5272, 479, 124, 19),
(5273, 479, 48, 2),
(5274, 479, 149, 9),
(5275, 479, 52, 7),
(5276, 479, 77, 19),
(5277, 479, 86, 11),
(5278, 479, 46, 4),
(5279, 480, 35, 4),
(5280, 480, 4, 16),
(5281, 480, 82, 17),
(5282, 480, 144, 14),
(5283, 480, 97, 18),
(5284, 480, 76, 6),
(5285, 480, 113, 19),
(5286, 480, 52, 4),
(5287, 481, 43, 10),
(5288, 481, 126, 4),
(5289, 481, 151, 3),
(5290, 481, 84, 9),
(5291, 481, 3, 1),
(5292, 481, 151, 6),
(5293, 481, 34, 6),
(5294, 481, 83, 8),
(5295, 481, 48, 7),
(5296, 481, 146, 3),
(5297, 481, 32, 12),
(5298, 481, 113, 2),
(5299, 481, 9, 20),
(5300, 481, 126, 20),
(5301, 481, 49, 20),
(5302, 482, 76, 10),
(5303, 482, 122, 9),
(5304, 482, 97, 6),
(5305, 482, 131, 13),
(5306, 482, 52, 15),
(5307, 482, 148, 11),
(5308, 482, 4, 9),
(5309, 482, 150, 7),
(5310, 482, 118, 17),
(5311, 482, 68, 19),
(5312, 482, 68, 3),
(5313, 482, 1, 10),
(5314, 483, 127, 10),
(5315, 483, 64, 16),
(5316, 483, 30, 20),
(5317, 484, 109, 15),
(5318, 484, 103, 6),
(5319, 484, 160, 9),
(5320, 484, 144, 7),
(5321, 484, 31, 17),
(5322, 484, 136, 5),
(5323, 485, 125, 11),
(5324, 485, 155, 13),
(5325, 485, 153, 18),
(5326, 485, 3, 2),
(5327, 485, 143, 10),
(5328, 485, 26, 14),
(5329, 486, 89, 9),
(5330, 486, 23, 11),
(5331, 486, 108, 17),
(5332, 486, 37, 7),
(5333, 486, 15, 5),
(5334, 486, 122, 20),
(5335, 486, 85, 19),
(5336, 486, 127, 8),
(5337, 486, 26, 1),
(5338, 486, 23, 14),
(5339, 486, 158, 15),
(5340, 486, 103, 18),
(5341, 486, 123, 14),
(5342, 486, 121, 5),
(5343, 486, 138, 9),
(5344, 486, 33, 9),
(5345, 486, 138, 7),
(5346, 486, 148, 11),
(5347, 486, 25, 3),
(5348, 486, 134, 5),
(5349, 487, 94, 5),
(5350, 487, 143, 11),
(5351, 487, 2, 6),
(5352, 487, 111, 1),
(5353, 487, 63, 8),
(5354, 487, 1, 3),
(5355, 487, 2, 18),
(5356, 487, 144, 15),
(5357, 488, 22, 12),
(5358, 488, 4, 7),
(5359, 488, 156, 18),
(5360, 488, 109, 18),
(5361, 488, 65, 17),
(5362, 488, 5, 5),
(5363, 488, 13, 8),
(5364, 488, 131, 7),
(5365, 488, 44, 7),
(5366, 488, 50, 11),
(5367, 488, 4, 7),
(5368, 488, 148, 8),
(5369, 488, 55, 1),
(5370, 489, 32, 19),
(5371, 489, 19, 17),
(5372, 489, 12, 14),
(5373, 489, 134, 9),
(5374, 489, 103, 15),
(5375, 489, 14, 11),
(5376, 489, 17, 19),
(5377, 489, 88, 7),
(5378, 489, 160, 19),
(5379, 490, 48, 5),
(5380, 490, 77, 13),
(5381, 490, 117, 10),
(5382, 490, 151, 13),
(5383, 491, 44, 14),
(5384, 491, 49, 10),
(5385, 491, 101, 9),
(5386, 491, 45, 14),
(5387, 491, 15, 3),
(5388, 491, 17, 15),
(5389, 491, 131, 4),
(5390, 491, 39, 19),
(5391, 491, 17, 16),
(5392, 491, 39, 2),
(5393, 491, 115, 8),
(5394, 491, 62, 19),
(5395, 491, 137, 20),
(5396, 491, 103, 7),
(5397, 491, 149, 6),
(5398, 491, 39, 4),
(5399, 491, 156, 11),
(5400, 491, 108, 12),
(5401, 491, 155, 19),
(5402, 492, 8, 1),
(5403, 492, 62, 16),
(5404, 492, 138, 12),
(5405, 492, 2, 16);
INSERT INTO `transPenjualan` (`id`, `penjualan`, `produk`, `jumlah`) VALUES
(5406, 492, 108, 16),
(5407, 492, 1, 16),
(5408, 492, 82, 8),
(5409, 493, 67, 5),
(5410, 493, 21, 2),
(5411, 493, 92, 1),
(5412, 493, 54, 17),
(5413, 494, 49, 7),
(5414, 494, 147, 18),
(5415, 494, 50, 17),
(5416, 494, 28, 8),
(5417, 494, 145, 12),
(5418, 494, 22, 15),
(5419, 495, 24, 11),
(5420, 495, 128, 19),
(5421, 495, 83, 11),
(5422, 495, 71, 18),
(5423, 496, 138, 3),
(5424, 496, 132, 19),
(5425, 496, 110, 18),
(5426, 496, 39, 10),
(5427, 496, 18, 11),
(5428, 496, 135, 1),
(5429, 496, 69, 3),
(5430, 496, 140, 12),
(5431, 496, 81, 16),
(5432, 496, 25, 13),
(5433, 496, 82, 6),
(5434, 496, 126, 1),
(5435, 496, 11, 15),
(5436, 496, 86, 13),
(5437, 496, 25, 9),
(5438, 497, 2, 11),
(5439, 497, 19, 19),
(5440, 497, 34, 20),
(5441, 497, 26, 14),
(5442, 497, 14, 15),
(5443, 497, 85, 2),
(5444, 497, 21, 14),
(5445, 498, 118, 4),
(5446, 498, 117, 18),
(5447, 498, 130, 5),
(5448, 498, 26, 12),
(5449, 498, 40, 5),
(5450, 498, 48, 16),
(5451, 498, 135, 10),
(5452, 498, 32, 3),
(5453, 498, 75, 15),
(5454, 498, 40, 8),
(5455, 498, 151, 5),
(5456, 498, 87, 13),
(5457, 498, 50, 5),
(5458, 498, 25, 9),
(5459, 498, 60, 17),
(5460, 498, 60, 2),
(5461, 498, 160, 2),
(5462, 498, 158, 16),
(5463, 498, 52, 3),
(5464, 498, 61, 12),
(5465, 499, 108, 7),
(5466, 499, 30, 3),
(5467, 499, 88, 7),
(5468, 499, 94, 6),
(5469, 499, 92, 20),
(5470, 499, 35, 16),
(5471, 499, 81, 17),
(5472, 499, 17, 15),
(5473, 500, 83, 3),
(5474, 500, 131, 18),
(5475, 500, 32, 16),
(5476, 500, 157, 4),
(5477, 500, 96, 6),
(5478, 500, 50, 20),
(5479, 500, 140, 14),
(5480, 500, 103, 5),
(5481, 500, 136, 16),
(5482, 500, 122, 4),
(5483, 500, 55, 1),
(5484, 500, 118, 6),
(5485, 500, 39, 11),
(5486, 500, 128, 2),
(5487, 500, 100, 11),
(5488, 500, 12, 3),
(5489, 500, 102, 18),
(5490, 500, 3, 17),
(5491, 500, 111, 20),
(5492, 500, 1, 6),
(5493, 501, 50, 5),
(5494, 501, 24, 20),
(5495, 501, 142, 8),
(5496, 501, 131, 13),
(5497, 501, 19, 20),
(5498, 501, 157, 3),
(5499, 501, 113, 6),
(5500, 502, 35, 2),
(5501, 502, 75, 17),
(5502, 502, 96, 11),
(5503, 502, 157, 5),
(5504, 502, 69, 20),
(5505, 502, 8, 3),
(5506, 502, 157, 2),
(5507, 502, 63, 6),
(5508, 502, 58, 13),
(5509, 503, 52, 11),
(5510, 503, 124, 3),
(5511, 503, 24, 18),
(5512, 503, 17, 3),
(5513, 503, 4, 16),
(5514, 503, 63, 9),
(5515, 503, 3, 9),
(5516, 503, 140, 18),
(5517, 503, 7, 9),
(5518, 504, 42, 17),
(5519, 504, 130, 7),
(5520, 504, 152, 16),
(5521, 504, 59, 7),
(5522, 504, 6, 15),
(5523, 504, 155, 9),
(5524, 504, 7, 10),
(5525, 504, 34, 4),
(5526, 504, 100, 2),
(5527, 504, 44, 15),
(5528, 504, 18, 2),
(5529, 504, 20, 11),
(5530, 504, 14, 12),
(5531, 504, 62, 19),
(5532, 504, 99, 16),
(5533, 504, 122, 18),
(5534, 504, 101, 12),
(5535, 505, 91, 7),
(5536, 505, 87, 18),
(5537, 505, 60, 6),
(5538, 505, 139, 17),
(5539, 505, 48, 7),
(5540, 506, 76, 19),
(5541, 506, 17, 15),
(5542, 507, 35, 17),
(5543, 507, 130, 15),
(5544, 507, 143, 8),
(5545, 507, 18, 17),
(5546, 507, 158, 18),
(5547, 507, 92, 17),
(5548, 507, 84, 3),
(5549, 507, 5, 2),
(5550, 507, 74, 12),
(5551, 507, 158, 17),
(5552, 507, 134, 17),
(5553, 507, 103, 3),
(5554, 507, 27, 14),
(5555, 507, 96, 3),
(5556, 508, 54, 16),
(5557, 508, 156, 3),
(5558, 508, 96, 14),
(5559, 508, 5, 20),
(5560, 508, 129, 17),
(5561, 508, 153, 14),
(5562, 508, 68, 16),
(5563, 508, 34, 11),
(5564, 508, 134, 6),
(5565, 508, 1, 8),
(5566, 508, 44, 17),
(5567, 508, 36, 3),
(5568, 508, 75, 7),
(5569, 508, 44, 3),
(5570, 508, 152, 8),
(5571, 508, 140, 6),
(5572, 509, 135, 9),
(5573, 509, 125, 11),
(5574, 509, 71, 15),
(5575, 509, 53, 6),
(5576, 509, 111, 1),
(5577, 510, 78, 5),
(5578, 510, 39, 7),
(5579, 510, 84, 5),
(5580, 510, 114, 16),
(5581, 510, 12, 19),
(5582, 510, 144, 11),
(5583, 510, 46, 4),
(5584, 510, 105, 5),
(5585, 510, 87, 11),
(5586, 510, 80, 15),
(5587, 510, 57, 19),
(5588, 510, 79, 18),
(5589, 510, 56, 5),
(5590, 510, 34, 13),
(5591, 510, 147, 5),
(5592, 511, 64, 10),
(5593, 511, 92, 15),
(5594, 511, 157, 17),
(5595, 511, 67, 16),
(5596, 511, 143, 7),
(5597, 511, 105, 9),
(5598, 511, 101, 17),
(5599, 511, 11, 17),
(5600, 512, 94, 7),
(5601, 512, 10, 19),
(5602, 512, 41, 11),
(5603, 512, 131, 12),
(5604, 512, 125, 1),
(5605, 512, 37, 14),
(5606, 512, 39, 12),
(5607, 512, 13, 14),
(5608, 513, 127, 14),
(5609, 513, 152, 5),
(5610, 513, 69, 17),
(5611, 513, 89, 2),
(5612, 514, 28, 18),
(5613, 514, 50, 1),
(5614, 514, 36, 18),
(5615, 514, 59, 6),
(5616, 514, 132, 13),
(5617, 514, 134, 13),
(5618, 515, 97, 13),
(5619, 515, 72, 6),
(5620, 515, 142, 1),
(5621, 515, 59, 12),
(5622, 515, 21, 4),
(5623, 515, 39, 2),
(5624, 516, 107, 18),
(5625, 516, 146, 15),
(5626, 516, 23, 2),
(5627, 516, 99, 9),
(5628, 516, 16, 17),
(5629, 516, 54, 10),
(5630, 516, 19, 4),
(5631, 516, 13, 19),
(5632, 517, 48, 11),
(5633, 517, 67, 15),
(5634, 517, 134, 6),
(5635, 517, 120, 4),
(5636, 517, 140, 18),
(5637, 517, 56, 3),
(5638, 517, 152, 15),
(5639, 517, 123, 17),
(5640, 517, 98, 10),
(5641, 517, 158, 14),
(5642, 517, 18, 9),
(5643, 517, 126, 19),
(5644, 517, 123, 5),
(5645, 517, 9, 19),
(5646, 517, 52, 20),
(5647, 517, 111, 13),
(5648, 518, 17, 8),
(5649, 518, 59, 8),
(5650, 518, 15, 12),
(5651, 518, 43, 20),
(5652, 518, 146, 8),
(5653, 518, 146, 13),
(5654, 518, 21, 15),
(5655, 518, 34, 13),
(5656, 518, 117, 18),
(5657, 518, 118, 3),
(5658, 518, 108, 14),
(5659, 518, 147, 19),
(5660, 519, 133, 5),
(5661, 519, 117, 11),
(5662, 519, 135, 6),
(5663, 519, 100, 4),
(5664, 519, 101, 1),
(5665, 519, 46, 4),
(5666, 519, 45, 5),
(5667, 519, 14, 13),
(5668, 519, 25, 14),
(5669, 519, 124, 18),
(5670, 519, 145, 8),
(5671, 519, 100, 16),
(5672, 519, 20, 16),
(5673, 519, 73, 16),
(5674, 519, 110, 8),
(5675, 520, 81, 12),
(5676, 520, 40, 1),
(5677, 520, 69, 11),
(5678, 520, 102, 13),
(5679, 520, 22, 13),
(5680, 520, 144, 7),
(5681, 520, 148, 3),
(5682, 520, 65, 12),
(5683, 520, 46, 2),
(5684, 520, 52, 4),
(5685, 520, 159, 15),
(5686, 521, 134, 12),
(5687, 521, 36, 13),
(5688, 521, 40, 12),
(5689, 521, 24, 15),
(5690, 521, 28, 8),
(5691, 521, 123, 12),
(5692, 521, 144, 8),
(5693, 521, 34, 1),
(5694, 521, 5, 2),
(5695, 521, 55, 19),
(5696, 521, 38, 15),
(5697, 521, 80, 11),
(5698, 521, 134, 17),
(5699, 521, 113, 17),
(5700, 521, 84, 10),
(5701, 521, 93, 7),
(5702, 522, 129, 20),
(5703, 522, 50, 8),
(5704, 522, 20, 2),
(5705, 523, 82, 17),
(5706, 523, 24, 8),
(5707, 523, 32, 8),
(5708, 523, 68, 5),
(5709, 523, 73, 16),
(5710, 523, 27, 14),
(5711, 523, 81, 14),
(5712, 523, 34, 7),
(5713, 523, 75, 19),
(5714, 523, 22, 20),
(5715, 523, 66, 15),
(5716, 523, 54, 10),
(5717, 524, 50, 16),
(5718, 524, 144, 9),
(5719, 524, 135, 9),
(5720, 524, 150, 14),
(5721, 524, 95, 7),
(5722, 524, 137, 19),
(5723, 524, 122, 2),
(5724, 524, 64, 11),
(5725, 524, 38, 2),
(5726, 524, 2, 18),
(5727, 524, 47, 7),
(5728, 525, 32, 10),
(5729, 525, 54, 13),
(5730, 525, 29, 14),
(5731, 525, 13, 14),
(5732, 525, 157, 18),
(5733, 525, 94, 8),
(5734, 525, 113, 1),
(5735, 525, 53, 7),
(5736, 526, 106, 4),
(5737, 526, 89, 9),
(5738, 526, 44, 19),
(5739, 526, 148, 11),
(5740, 526, 4, 19),
(5741, 526, 64, 7),
(5742, 526, 42, 15),
(5743, 526, 83, 15),
(5744, 526, 13, 3),
(5745, 526, 146, 15),
(5746, 526, 31, 12),
(5747, 526, 115, 2),
(5748, 526, 28, 3),
(5749, 527, 31, 9),
(5750, 527, 16, 16),
(5751, 527, 14, 6),
(5752, 527, 56, 10),
(5753, 527, 90, 6),
(5754, 527, 66, 2),
(5755, 527, 51, 7),
(5756, 527, 74, 13),
(5757, 527, 96, 5),
(5758, 527, 22, 7),
(5759, 527, 46, 5),
(5760, 527, 37, 1),
(5761, 527, 72, 17),
(5762, 527, 120, 10),
(5763, 527, 159, 17),
(5764, 527, 39, 4),
(5765, 528, 55, 20),
(5766, 528, 59, 13),
(5767, 528, 52, 18),
(5768, 528, 30, 13),
(5769, 528, 43, 5),
(5770, 528, 148, 12),
(5771, 528, 114, 11),
(5772, 529, 146, 14),
(5773, 529, 83, 4),
(5774, 529, 150, 15),
(5775, 529, 34, 8),
(5776, 529, 90, 19),
(5777, 530, 88, 16),
(5778, 530, 17, 15),
(5779, 530, 12, 9),
(5780, 530, 112, 9),
(5781, 530, 11, 1),
(5782, 530, 48, 6),
(5783, 530, 100, 12),
(5784, 530, 81, 11),
(5785, 530, 26, 5),
(5786, 530, 13, 8),
(5787, 530, 18, 16),
(5788, 530, 140, 6),
(5789, 530, 110, 13),
(5790, 530, 82, 1),
(5791, 530, 27, 10),
(5792, 530, 147, 15),
(5793, 530, 41, 1),
(5794, 530, 69, 7),
(5795, 531, 19, 16),
(5796, 531, 84, 3),
(5797, 531, 9, 16),
(5798, 531, 120, 13),
(5799, 531, 45, 6),
(5800, 531, 124, 10),
(5801, 531, 57, 3),
(5802, 531, 96, 3),
(5803, 531, 159, 18),
(5804, 531, 126, 12),
(5805, 532, 134, 16),
(5806, 532, 137, 15),
(5807, 532, 74, 3),
(5808, 532, 121, 18),
(5809, 532, 69, 5),
(5810, 532, 161, 4),
(5811, 532, 117, 3),
(5812, 532, 39, 10),
(5813, 532, 140, 17),
(5814, 533, 24, 13),
(5815, 533, 42, 10),
(5816, 533, 119, 18),
(5817, 533, 97, 15),
(5818, 533, 120, 8),
(5819, 533, 51, 3),
(5820, 533, 33, 2),
(5821, 533, 160, 19),
(5822, 533, 84, 2),
(5823, 533, 111, 9),
(5824, 533, 84, 18),
(5825, 533, 65, 15),
(5826, 533, 99, 11),
(5827, 533, 152, 3),
(5828, 533, 64, 16),
(5829, 533, 143, 11),
(5830, 534, 23, 1),
(5831, 534, 23, 20),
(5832, 534, 102, 18),
(5833, 534, 120, 1),
(5834, 534, 28, 18),
(5835, 534, 34, 5),
(5836, 534, 141, 3),
(5837, 534, 122, 20),
(5838, 534, 135, 4),
(5839, 535, 117, 12),
(5840, 535, 30, 7),
(5841, 535, 15, 3),
(5842, 535, 71, 10),
(5843, 535, 148, 7),
(5844, 535, 4, 7),
(5845, 535, 75, 2),
(5846, 535, 74, 10),
(5847, 535, 111, 7),
(5848, 535, 33, 14),
(5849, 535, 80, 2),
(5850, 536, 117, 20),
(5851, 536, 9, 10),
(5852, 536, 150, 18),
(5853, 536, 104, 9),
(5854, 536, 99, 5),
(5855, 536, 97, 19),
(5856, 536, 47, 15),
(5857, 536, 62, 16),
(5858, 536, 103, 15),
(5859, 536, 129, 20),
(5860, 536, 28, 18),
(5861, 536, 67, 13),
(5862, 536, 88, 15),
(5863, 536, 135, 5),
(5864, 536, 37, 19),
(5865, 536, 24, 20),
(5866, 536, 143, 5),
(5867, 536, 71, 17),
(5868, 536, 15, 2),
(5869, 537, 114, 6),
(5870, 537, 134, 14),
(5871, 537, 92, 12),
(5872, 537, 6, 7),
(5873, 537, 31, 15),
(5874, 537, 23, 3),
(5875, 538, 161, 12),
(5876, 538, 89, 11),
(5877, 538, 49, 8),
(5878, 538, 127, 11),
(5879, 538, 49, 19),
(5880, 538, 78, 4),
(5881, 538, 22, 19),
(5882, 538, 161, 5),
(5883, 538, 160, 5),
(5884, 538, 151, 6),
(5885, 538, 9, 12),
(5886, 538, 136, 13),
(5887, 538, 100, 4),
(5888, 538, 129, 8),
(5889, 538, 54, 19),
(5890, 538, 45, 7),
(5891, 538, 83, 17),
(5892, 538, 141, 17),
(5893, 538, 34, 14),
(5894, 539, 83, 12),
(5895, 539, 132, 14),
(5896, 539, 116, 15),
(5897, 539, 113, 19),
(5898, 539, 118, 19),
(5899, 539, 142, 1),
(5900, 539, 158, 10),
(5901, 539, 136, 12),
(5902, 540, 6, 8),
(5903, 540, 73, 8),
(5904, 540, 54, 15),
(5905, 541, 136, 12),
(5906, 541, 91, 14),
(5907, 541, 123, 5),
(5908, 541, 161, 6),
(5909, 541, 130, 17),
(5910, 541, 157, 11),
(5911, 541, 89, 14),
(5912, 541, 76, 6),
(5913, 541, 96, 7),
(5914, 541, 45, 12),
(5915, 541, 131, 3),
(5916, 541, 25, 18),
(5917, 541, 25, 11),
(5918, 541, 55, 11),
(5919, 541, 140, 2),
(5920, 542, 115, 13),
(5921, 542, 125, 8),
(5922, 542, 62, 20),
(5923, 542, 58, 14),
(5924, 542, 128, 4),
(5925, 543, 51, 15),
(5926, 543, 47, 16),
(5927, 543, 1, 18),
(5928, 543, 21, 6),
(5929, 543, 73, 19),
(5930, 543, 65, 13),
(5931, 543, 135, 12),
(5932, 543, 24, 4),
(5933, 543, 12, 1),
(5934, 543, 39, 6),
(5935, 543, 117, 18),
(5936, 543, 8, 2),
(5937, 543, 39, 1),
(5938, 544, 144, 17),
(5939, 544, 100, 11),
(5940, 544, 24, 7),
(5941, 544, 130, 19),
(5942, 544, 56, 14),
(5943, 544, 10, 13),
(5944, 544, 22, 20),
(5945, 544, 4, 15),
(5946, 544, 134, 12),
(5947, 544, 143, 1),
(5948, 545, 145, 5),
(5949, 545, 149, 13),
(5950, 545, 18, 20),
(5951, 545, 114, 7),
(5952, 545, 2, 3),
(5953, 545, 39, 17),
(5954, 545, 124, 16),
(5955, 545, 159, 3),
(5956, 545, 90, 19),
(5957, 545, 73, 5),
(5958, 545, 157, 2),
(5959, 545, 61, 20),
(5960, 545, 16, 3),
(5961, 545, 129, 14),
(5962, 546, 129, 7),
(5963, 546, 144, 1),
(5964, 546, 38, 11),
(5965, 546, 25, 5),
(5966, 546, 35, 11),
(5967, 546, 35, 8),
(5968, 546, 120, 2),
(5969, 546, 21, 10),
(5970, 546, 7, 5),
(5971, 546, 9, 20),
(5972, 546, 111, 6),
(5973, 546, 149, 16),
(5974, 546, 107, 18),
(5975, 546, 138, 16),
(5976, 546, 111, 11),
(5977, 546, 125, 10),
(5978, 546, 135, 14),
(5979, 546, 86, 2),
(5980, 546, 29, 14),
(5981, 546, 45, 8),
(5982, 547, 80, 15),
(5983, 547, 150, 11),
(5984, 547, 141, 9),
(5985, 547, 96, 3),
(5986, 547, 77, 11),
(5987, 548, 123, 10),
(5988, 548, 89, 9),
(5989, 548, 58, 9),
(5990, 548, 33, 1),
(5991, 548, 149, 20),
(5992, 548, 86, 16),
(5993, 548, 103, 2),
(5994, 548, 134, 17),
(5995, 548, 121, 3),
(5996, 548, 34, 19),
(5997, 548, 97, 20),
(5998, 548, 140, 4),
(5999, 548, 135, 6),
(6000, 548, 120, 19),
(6001, 548, 123, 6),
(6002, 548, 119, 11),
(6003, 548, 122, 6),
(6004, 549, 18, 14),
(6005, 549, 24, 4),
(6006, 549, 100, 3),
(6007, 549, 110, 8),
(6008, 549, 123, 15),
(6009, 549, 34, 12),
(6010, 549, 79, 7),
(6011, 549, 127, 9),
(6012, 549, 148, 15),
(6013, 549, 47, 2),
(6014, 549, 93, 12),
(6015, 549, 131, 11),
(6016, 549, 55, 2),
(6017, 549, 41, 18),
(6018, 549, 137, 11),
(6019, 549, 131, 20),
(6020, 549, 37, 20),
(6021, 549, 17, 17),
(6022, 549, 13, 16),
(6023, 549, 35, 17),
(6024, 550, 69, 9),
(6025, 550, 3, 15),
(6026, 550, 32, 9),
(6027, 550, 106, 19),
(6028, 550, 118, 15),
(6029, 550, 82, 7),
(6030, 550, 86, 1),
(6031, 550, 104, 13),
(6032, 550, 44, 11),
(6033, 550, 76, 17),
(6034, 550, 51, 9),
(6035, 551, 44, 11),
(6036, 551, 140, 7),
(6037, 552, 14, 4),
(6038, 552, 135, 11),
(6039, 552, 96, 18),
(6040, 552, 40, 16),
(6041, 552, 48, 18),
(6042, 552, 116, 1),
(6043, 552, 101, 5),
(6044, 553, 25, 5),
(6045, 553, 157, 16),
(6046, 553, 84, 10),
(6047, 553, 40, 7),
(6048, 553, 128, 14),
(6049, 553, 57, 2),
(6050, 553, 33, 5),
(6051, 553, 65, 11),
(6052, 554, 94, 7),
(6053, 554, 131, 4),
(6054, 554, 33, 2),
(6055, 554, 155, 10),
(6056, 554, 154, 14),
(6057, 554, 84, 12),
(6058, 554, 146, 17),
(6059, 555, 25, 17),
(6060, 555, 82, 14),
(6061, 555, 48, 16),
(6062, 555, 160, 2),
(6063, 555, 69, 7),
(6064, 555, 23, 13),
(6065, 555, 90, 11),
(6066, 555, 22, 18),
(6067, 555, 21, 10),
(6068, 555, 109, 7),
(6069, 555, 110, 15),
(6070, 555, 42, 4),
(6071, 555, 111, 19),
(6072, 555, 111, 6),
(6073, 555, 136, 11),
(6074, 556, 161, 8),
(6075, 556, 81, 14),
(6076, 556, 105, 6),
(6077, 556, 106, 15),
(6078, 556, 110, 20),
(6079, 556, 141, 7),
(6080, 556, 90, 9),
(6081, 556, 71, 9),
(6082, 556, 89, 19),
(6083, 556, 14, 17),
(6084, 556, 97, 17),
(6085, 556, 18, 16),
(6086, 556, 80, 1),
(6087, 556, 75, 16),
(6088, 556, 144, 20),
(6089, 556, 121, 18),
(6090, 556, 56, 5),
(6091, 556, 90, 20),
(6092, 556, 80, 5),
(6093, 556, 117, 4),
(6094, 557, 97, 10),
(6095, 557, 124, 1),
(6096, 557, 147, 4),
(6097, 557, 92, 17),
(6098, 557, 43, 9),
(6099, 557, 70, 2),
(6100, 558, 33, 12),
(6101, 558, 91, 14),
(6102, 558, 53, 10),
(6103, 558, 106, 2),
(6104, 558, 55, 1),
(6105, 558, 52, 18),
(6106, 558, 160, 17),
(6107, 558, 18, 15),
(6108, 558, 160, 7),
(6109, 558, 52, 10),
(6110, 558, 14, 7),
(6111, 559, 43, 19),
(6112, 559, 34, 11),
(6113, 559, 52, 13),
(6114, 559, 97, 17),
(6115, 559, 136, 4),
(6116, 559, 65, 10),
(6117, 559, 81, 18),
(6118, 559, 25, 12),
(6119, 559, 31, 4),
(6120, 560, 15, 3),
(6121, 560, 116, 4),
(6122, 560, 140, 15),
(6123, 560, 84, 4),
(6124, 560, 29, 13),
(6125, 560, 84, 12),
(6126, 560, 139, 9),
(6127, 560, 124, 8),
(6128, 560, 120, 9),
(6129, 560, 160, 12),
(6130, 560, 40, 4),
(6131, 560, 158, 15),
(6132, 560, 108, 17),
(6133, 560, 145, 5),
(6134, 560, 4, 2),
(6135, 560, 24, 3),
(6136, 560, 32, 18),
(6137, 560, 50, 2),
(6138, 560, 92, 17),
(6139, 561, 120, 9),
(6140, 561, 124, 6),
(6141, 561, 47, 4),
(6142, 561, 10, 14),
(6143, 561, 151, 10),
(6144, 561, 108, 11),
(6145, 562, 134, 10),
(6146, 562, 73, 10),
(6147, 562, 52, 7),
(6148, 562, 120, 7),
(6149, 562, 65, 18),
(6150, 562, 73, 12),
(6151, 562, 121, 16),
(6152, 562, 107, 7),
(6153, 562, 94, 19),
(6154, 562, 9, 1),
(6155, 562, 109, 7),
(6156, 562, 48, 18),
(6157, 562, 66, 20),
(6158, 562, 128, 18),
(6159, 562, 103, 7);

--
-- Indexes for dumped tables
--

--
-- Indexes for table `kartuIn`
--
ALTER TABLE `kartuIn`
  ADD PRIMARY KEY (`id`);

--
-- Indexes for table `kartuOut`
--
ALTER TABLE `kartuOut`
  ADD PRIMARY KEY (`id`);

--
-- Indexes for table `login`
--
ALTER TABLE `login`
  ADD PRIMARY KEY (`id`);

--
-- Indexes for table `pembeli`
--
ALTER TABLE `pembeli`
  ADD PRIMARY KEY (`id`);

--
-- Indexes for table `pembelian`
--
ALTER TABLE `pembelian`
  ADD PRIMARY KEY (`id`);

--
-- Indexes for table `penjualan`
--
ALTER TABLE `penjualan`
  ADD PRIMARY KEY (`id`);

--
-- Indexes for table `produk`
--
ALTER TABLE `produk`
  ADD PRIMARY KEY (`id`);

--
-- Indexes for table `rfidlist`
--
ALTER TABLE `rfidlist`
  ADD PRIMARY KEY (`id`),
  ADD UNIQUE KEY `rfid` (`rfid`);

--
-- Indexes for table `supplier`
--
ALTER TABLE `supplier`
  ADD PRIMARY KEY (`id`);

--
-- Indexes for table `transPembelian`
--
ALTER TABLE `transPembelian`
  ADD PRIMARY KEY (`id`);

--
-- Indexes for table `transPenjualan`
--
ALTER TABLE `transPenjualan`
  ADD PRIMARY KEY (`id`);

--
-- AUTO_INCREMENT for dumped tables
--

--
-- AUTO_INCREMENT for table `kartuIn`
--
ALTER TABLE `kartuIn`
  MODIFY `id` int(11) NOT NULL AUTO_INCREMENT;
--
-- AUTO_INCREMENT for table `kartuOut`
--
ALTER TABLE `kartuOut`
  MODIFY `id` int(11) NOT NULL AUTO_INCREMENT;
--
-- AUTO_INCREMENT for table `login`
--
ALTER TABLE `login`
  MODIFY `id` int(11) NOT NULL AUTO_INCREMENT, AUTO_INCREMENT=2;
--
-- AUTO_INCREMENT for table `pembeli`
--
ALTER TABLE `pembeli`
  MODIFY `id` int(11) NOT NULL AUTO_INCREMENT, AUTO_INCREMENT=17;
--
-- AUTO_INCREMENT for table `pembelian`
--
ALTER TABLE `pembelian`
  MODIFY `id` int(11) NOT NULL AUTO_INCREMENT, AUTO_INCREMENT=163;
--
-- AUTO_INCREMENT for table `penjualan`
--
ALTER TABLE `penjualan`
  MODIFY `id` int(11) NOT NULL AUTO_INCREMENT, AUTO_INCREMENT=563;
--
-- AUTO_INCREMENT for table `produk`
--
ALTER TABLE `produk`
  MODIFY `id` int(11) NOT NULL AUTO_INCREMENT, AUTO_INCREMENT=162;
--
-- AUTO_INCREMENT for table `rfidlist`
--
ALTER TABLE `rfidlist`
  MODIFY `id` int(11) NOT NULL AUTO_INCREMENT, AUTO_INCREMENT=124;
--
-- AUTO_INCREMENT for table `supplier`
--
ALTER TABLE `supplier`
  MODIFY `id` int(11) NOT NULL AUTO_INCREMENT, AUTO_INCREMENT=6;
--
-- AUTO_INCREMENT for table `transPembelian`
--
ALTER TABLE `transPembelian`
  MODIFY `id` int(11) NOT NULL AUTO_INCREMENT, AUTO_INCREMENT=1818;
--
-- AUTO_INCREMENT for table `transPenjualan`
--
ALTER TABLE `transPenjualan`
  MODIFY `id` int(11) NOT NULL AUTO_INCREMENT, AUTO_INCREMENT=6160;
/*!40101 SET CHARACTER_SET_CLIENT=@OLD_CHARACTER_SET_CLIENT */;
/*!40101 SET CHARACTER_SET_RESULTS=@OLD_CHARACTER_SET_RESULTS */;
/*!40101 SET COLLATION_CONNECTION=@OLD_COLLATION_CONNECTION */;
